TransactionID,Date,ProductID,ProductName,ProductCategory,QuantitySold,UnitPrice,CustomerID,CustomerName,CustomerSector,Country,Region,ProductionCost,TotalSaleAmount,Profit
8329,2023-05-01,1211,Product_1457,Sensor,40,531,246,Customer_417,Industrial,South Korea,North America,702,21240,-6840
246,2023-05-01,1457,Product_1020,Microchip,34,793,385,Customer_93,Industrial,China,North America,554,26962,8126
6180,2023-05-01,1221,Product_1157,Microchip,56,305,189,Customer_400,Consumer Electronics,USA,Asia-Pacific,135,17080,9520
8095,2023-05-01,1103,Product_1078,Sensor,49,204,22,Customer_471,Consumer Electronics,China,North America,429,9996,-11025
3940,2023-05-01,1080,Product_1487,Robotics,13,94,130,Customer_204,Industrial,South Korea,Asia-Pacific,129,1222,-455
7419,2023-05-01,1195,Product_1194,Sensor,34,799,41,Customer_261,Industrial,Germany,Europe,100,27166,23766
8071,2023-05-01,1303,Product_1193,Microchip,85,552,436,Customer_496,Consumer Electronics,Germany,Asia-Pacific,637,46920,-7225
4808,2023-05-01,1335,Product_1428,Robotics,1,728,115,Customer_197,Automotive,China,Asia-Pacific,668,728,60
3213,2023-05-01,1154,Product_1001,Microchip,3,805,474,Customer_251,Automotive,South Korea,North America,219,2415,1758
8067,2023-05-01,1236,Product_1341,Microchip,5,573,350,Customer_143,Automotive,China,North America,602,2865,-145
3540,2023-05-01,1409,Product_1013,Sensor,84,284,323,Customer_107,Consumer Electronics,Japan,North America,427,23856,-12012
7729,2023-05-01,1163,Product_1111,Microchip,56,596,456,Customer_130,Automotive,Japan,North America,386,33376,11760
1611,2023-05-01,1173,Product_1210,Microchip,73,938,371,Customer_192,Industrial,USA,North America,528,68474,29930
5934,2023-05-01,1017,Product_1052,Robotics,65,410,30,Customer_272,Industrial,South Korea,Europe,683,26650,-17745
7719,2023-05-01,1151,Product_1006,Sensor,30,823,337,Customer_378,Industrial,South Korea,North America,171,24690,19560
5980,2023-05-01,1285,Product_1109,Sensor,39,120,94,Customer_285,Industrial,South Korea,Asia-Pacific,672,4680,-21528
2876,2023-05-01,1165,Product_1185,Sensor,7,107,248,Customer_35,Consumer Electronics,South Korea,North America,283,749,-1232
5190,2023-05-01,1397,Product_1469,Sensor,48,323,454,Customer_152,Consumer Electronics,Germany,Europe,351,15504,-1344
253,2023-05-01,1140,Product_1138,Sensor,53,292,121,Customer_271,Industrial,USA,North America,419,15476,-6731
2291,2023-05-01,1471,Product_1090,Sensor,76,685,1,Customer_313,Consumer Electronics,USA,Europe,432,52060,19228
677,2023-05-01,1398,Product_1109,Microchip,1,588,104,Customer_500,Automotive,China,Europe,596,588,-8
4018,2023-05-01,1148,Product_1037,Robotics,41,245,499,Customer_362,Consumer Electronics,China,North America,338,10045,-3813
1629,2023-05-01,1007,Product_1441,Sensor,21,722,185,Customer_394,Automotive,Germany,North America,552,15162,3570
7508,2023-05-01,1334,Product_1115,Sensor,22,168,298,Customer_378,Automotive,Japan,Asia-Pacific,205,3696,-814
3415,2023-05-01,1184,Product_1076,Microchip,28,282,289,Customer_496,Industrial,South Korea,North America,749,7896,-13076
3401,2023-05-01,1093,Product_1386,Microchip,54,771,122,Customer_382,Industrial,South Korea,North America,295,41634,25704
6443,2023-05-01,1419,Product_1347,Robotics,15,155,212,Customer_76,Automotive,China,Europe,714,2325,-8385
7596,2023-05-01,1185,Product_1112,Microchip,37,363,406,Customer_86,Industrial,USA,North America,791,13431,-15836
947,2023-05-01,1397,Product_1246,Microchip,63,848,327,Customer_281,Consumer Electronics,Japan,Asia-Pacific,41,53424,50841
734,2023-05-01,1398,Product_1204,Microchip,37,713,260,Customer_455,Automotive,Japan,North America,20,26381,25641
1264,2023-05-01,1309,Product_1323,Robotics,71,276,472,Customer_414,Consumer Electronics,South Korea,Asia-Pacific,315,19596,-2769
6077,2023-05-02,1147,Product_1064,Sensor,18,693,309,Customer_59,Consumer Electronics,Japan,North America,496,12474,3546
6873,2023-05-02,1353,Product_1458,Robotics,36,806,51,Customer_472,Consumer Electronics,USA,Asia-Pacific,614,29016,6912
9729,2023-05-02,1147,Product_1418,Robotics,73,566,256,Customer_201,Consumer Electronics,Japan,North America,575,41318,-657
5878,2023-05-02,1273,Product_1185,Sensor,95,718,355,Customer_310,Automotive,USA,Europe,176,68210,51490
8447,2023-05-02,1323,Product_1104,Robotics,98,60,121,Customer_441,Consumer Electronics,Japan,North America,75,5880,-1470
8036,2023-05-02,1407,Product_1197,Sensor,54,94,484,Customer_397,Industrial,USA,Asia-Pacific,311,5076,-11718
9408,2023-05-02,1137,Product_1110,Robotics,87,705,164,Customer_471,Automotive,USA,Europe,156,61335,47763
7359,2023-05-02,1193,Product_1135,Robotics,20,713,86,Customer_102,Industrial,China,North America,601,14260,2240
8516,2023-05-02,1463,Product_1111,Microchip,47,779,56,Customer_291,Industrial,Japan,North America,742,36613,1739
2399,2023-05-02,1266,Product_1314,Microchip,15,654,379,Customer_479,Consumer Electronics,China,Asia-Pacific,58,9810,8940
6383,2023-05-02,1080,Product_1223,Robotics,2,799,119,Customer_240,Automotive,Germany,North America,483,1598,632
1744,2023-05-02,1356,Product_1352,Sensor,5,162,389,Customer_113,Automotive,Germany,Europe,741,810,-2895
6523,2023-05-02,1088,Product_1439,Sensor,29,208,406,Customer_143,Industrial,USA,Europe,768,6032,-16240
3268,2023-05-02,1203,Product_1405,Microchip,51,253,248,Customer_353,Consumer Electronics,Germany,North America,722,12903,-23919
4524,2023-05-02,1146,Product_1263,Microchip,66,232,55,Customer_56,Industrial,China,Asia-Pacific,355,15312,-8118
970,2023-05-02,1202,Product_1312,Microchip,22,881,35,Customer_391,Consumer Electronics,China,North America,30,19382,18722
6391,2023-05-02,1356,Product_1226,Microchip,98,931,3,Customer_191,Consumer Electronics,Japan,Europe,177,91238,73892
8046,2023-05-02,1024,Product_1339,Microchip,25,59,286,Customer_93,Consumer Electronics,Japan,North America,583,1475,-13100
2896,2023-05-02,1311,Product_1332,Sensor,86,44,405,Customer_327,Industrial,South Korea,Asia-Pacific,139,3784,-8170
2319,2023-05-02,1057,Product_1002,Sensor,9,22,190,Customer_111,Consumer Electronics,Germany,Europe,27,198,-45
6502,2023-05-02,1169,Product_1141,Robotics,30,258,112,Customer_218,Consumer Electronics,Germany,Asia-Pacific,672,7740,-12420
8260,2023-05-02,1290,Product_1315,Sensor,58,480,414,Customer_444,Consumer Electronics,China,Europe,133,27840,20126
2904,2023-05-02,1021,Product_1434,Robotics,43,20,244,Customer_140,Automotive,China,North America,211,860,-8213
9226,2023-05-02,1363,Product_1296,Microchip,83,34,342,Customer_233,Consumer Electronics,Germany,North America,327,2822,-24319
3035,2023-05-02,1447,Product_1371,Sensor,25,303,62,Customer_137,Consumer Electronics,China,Europe,204,7575,2475
1582,2023-05-03,1339,Product_1090,Robotics,88,211,194,Customer_376,Consumer Electronics,USA,Asia-Pacific,708,18568,-43736
5405,2023-05-03,1446,Product_1291,Sensor,26,240,341,Customer_156,Consumer Electronics,Japan,North America,110,6240,3380
8722,2023-05-03,1149,Product_1407,Sensor,66,205,129,Customer_280,Industrial,South Korea,North America,179,13530,1716
2652,2023-05-03,1268,Product_1056,Sensor,97,470,202,Customer_394,Industrial,Japan,North America,680,45590,-20370
4789,2023-05-03,1458,Product_1021,Sensor,5,429,172,Customer_113,Automotive,Japan,Asia-Pacific,530,2145,-505
781,2023-05-03,1055,Product_1240,Microchip,7,797,83,Customer_317,Consumer Electronics,Japan,Europe,325,5579,3304
8514,2023-05-03,1445,Product_1157,Microchip,8,708,286,Customer_488,Consumer Electronics,USA,Asia-Pacific,693,5664,120
2411,2023-05-03,1350,Product_1134,Robotics,59,244,35,Customer_25,Consumer Electronics,Germany,North America,243,14396,59
2340,2023-05-03,1213,Product_1020,Microchip,24,454,452,Customer_296,Industrial,USA,Europe,677,10896,-5352
8149,2023-05-03,1440,Product_1204,Microchip,49,449,264,Customer_476,Consumer Electronics,Germany,Asia-Pacific,661,22001,-10388
7574,2023-05-03,1456,Product_1283,Robotics,71,751,369,Customer_389,Industrial,Japan,Europe,277,53321,33654
2432,2023-05-03,1285,Product_1168,Sensor,13,673,162,Customer_300,Automotive,Japan,Europe,305,8749,4784
4356,2023-05-03,1484,Product_1444,Robotics,46,339,297,Customer_105,Consumer Electronics,Germany,Europe,532,15594,-8878
6022,2023-05-03,1056,Product_1313,Robotics,34,465,204,Customer_170,Automotive,USA,Europe,578,15810,-3842
5103,2023-05-03,1242,Product_1012,Microchip,84,917,405,Customer_64,Automotive,USA,Asia-Pacific,762,77028,13020
5502,2023-05-03,1365,Product_1209,Microchip,14,303,387,Customer_433,Automotive,USA,North America,91,4242,2968
6580,2023-05-03,1084,Product_1225,Robotics,36,505,291,Customer_371,Automotive,China,Asia-Pacific,540,18180,-1260
9664,2023-05-03,1198,Product_1495,Sensor,58,999,119,Customer_145,Automotive,Japan,North America,557,57942,25636
3577,2023-05-03,1464,Product_1066,Sensor,28,932,304,Customer_371,Automotive,Japan,Europe,733,26096,5572
6804,2023-05-03,1197,Product_1216,Sensor,27,482,252,Customer_150,Industrial,South Korea,North America,109,13014,10071
5745,2023-05-03,1197,Product_1094,Sensor,36,679,365,Customer_346,Automotive,Japan,Europe,475,24444,7344
206,2023-05-03,1433,Product_1380,Sensor,42,373,327,Customer_314,Industrial,China,Asia-Pacific,334,15666,1638
9984,2023-05-03,1346,Product_1262,Robotics,9,570,196,Customer_42,Industrial,Germany,Europe,243,5130,2943
1335,2023-05-03,1417,Product_1042,Robotics,62,845,264,Customer_167,Consumer Electronics,Japan,North America,273,52390,35464
6741,2023-05-03,1172,Product_1409,Sensor,78,411,429,Customer_45,Automotive,South Korea,Asia-Pacific,36,32058,29250
7272,2023-05-03,1353,Product_1238,Robotics,64,502,290,Customer_394,Automotive,USA,North America,583,32128,-5184
649,2023-05-03,1423,Product_1042,Robotics,79,824,360,Customer_281,Industrial,Japan,Asia-Pacific,44,65096,61620
1044,2023-05-03,1161,Product_1059,Sensor,89,47,216,Customer_196,Consumer Electronics,China,North America,68,4183,-1869
2562,2023-05-03,1039,Product_1387,Microchip,28,621,401,Customer_137,Consumer Electronics,Germany,Europe,503,17388,3304
307,2023-05-03,1202,Product_1096,Microchip,28,817,182,Customer_230,Automotive,USA,Europe,366,22876,12628
4492,2023-05-03,1387,Product_1421,Sensor,10,97,217,Customer_478,Industrial,Japan,North America,244,970,-1470
4050,2023-05-04,1167,Product_1266,Microchip,51,140,373,Customer_464,Industrial,Germany,North America,490,7140,-17850
9678,2023-05-04,1040,Product_1029,Robotics,79,277,388,Customer_387,Industrial,China,Europe,653,21883,-29704
3770,2023-05-04,1034,Product_1338,Robotics,91,254,424,Customer_309,Consumer Electronics,South Korea,North America,230,23114,2184
3407,2023-05-04,1017,Product_1151,Sensor,86,105,242,Customer_438,Automotive,Japan,Europe,329,9030,-19264
6181,2023-05-04,1360,Product_1208,Microchip,73,238,131,Customer_381,Consumer Electronics,South Korea,Europe,534,17374,-21608
7333,2023-05-04,1120,Product_1403,Robotics,2,657,293,Customer_364,Industrial,China,Asia-Pacific,595,1314,124
489,2023-05-04,1325,Product_1102,Robotics,86,995,249,Customer_225,Consumer Electronics,USA,Europe,78,85570,78862
4225,2023-05-04,1069,Product_1395,Sensor,39,991,263,Customer_216,Automotive,South Korea,Europe,261,38649,28470
2073,2023-05-04,1013,Product_1262,Robotics,86,143,339,Customer_118,Automotive,China,Asia-Pacific,577,12298,-37324
2612,2023-05-04,1056,Product_1398,Microchip,18,334,86,Customer_92,Automotive,Japan,Europe,405,6012,-1278
8070,2023-05-04,1142,Product_1416,Sensor,49,417,236,Customer_466,Industrial,South Korea,Asia-Pacific,56,20433,17689
5469,2023-05-04,1236,Product_1386,Sensor,33,622,307,Customer_386,Automotive,Germany,Asia-Pacific,9,20526,20229
5673,2023-05-04,1245,Product_1414,Robotics,61,545,176,Customer_455,Industrial,Germany,Europe,139,33245,24766
3245,2023-05-04,1441,Product_1313,Microchip,61,881,207,Customer_55,Consumer Electronics,China,Asia-Pacific,198,53741,41663
6616,2023-05-04,1312,Product_1441,Sensor,4,52,437,Customer_277,Industrial,Japan,North America,315,208,-1052
5067,2023-05-04,1478,Product_1319,Sensor,62,179,285,Customer_414,Consumer Electronics,Japan,Europe,244,11098,-4030
5487,2023-05-04,1080,Product_1057,Microchip,45,915,260,Customer_472,Industrial,South Korea,Asia-Pacific,400,41175,23175
1739,2023-05-04,1069,Product_1496,Microchip,51,612,354,Customer_228,Industrial,Japan,Asia-Pacific,176,31212,22236
7865,2023-05-04,1074,Product_1147,Robotics,51,289,30,Customer_263,Industrial,South Korea,Europe,455,14739,-8466
9021,2023-05-04,1343,Product_1129,Sensor,70,655,117,Customer_316,Consumer Electronics,USA,Asia-Pacific,668,45850,-910
1658,2023-05-04,1212,Product_1227,Sensor,2,234,486,Customer_13,Automotive,USA,Europe,280,468,-92
4802,2023-05-04,1174,Product_1326,Sensor,50,814,134,Customer_51,Automotive,Germany,Europe,605,40700,10450
3267,2023-05-04,1156,Product_1287,Robotics,66,681,150,Customer_126,Consumer Electronics,Japan,North America,475,44946,13596
5396,2023-05-04,1198,Product_1200,Microchip,41,414,155,Customer_270,Consumer Electronics,Germany,North America,476,16974,-2542
9388,2023-05-04,1238,Product_1351,Sensor,20,918,152,Customer_123,Consumer Electronics,South Korea,Asia-Pacific,447,18360,9420
7536,2023-05-04,1318,Product_1101,Robotics,14,843,146,Customer_391,Automotive,Japan,North America,184,11802,9226
3009,2023-05-04,1417,Product_1318,Microchip,36,459,165,Customer_37,Automotive,South Korea,North America,260,16524,7164
1754,2023-05-04,1383,Product_1024,Sensor,34,288,88,Customer_19,Consumer Electronics,South Korea,North America,397,9792,-3706
6508,2023-05-04,1491,Product_1145,Microchip,86,566,195,Customer_81,Consumer Electronics,South Korea,Asia-Pacific,193,48676,32078
4752,2023-05-04,1055,Product_1316,Microchip,86,204,143,Customer_125,Consumer Electronics,South Korea,Asia-Pacific,14,17544,16340
2068,2023-05-04,1248,Product_1079,Robotics,35,922,173,Customer_444,Automotive,South Korea,North America,504,32270,14630
9681,2023-05-05,1213,Product_1388,Robotics,77,20,284,Customer_465,Industrial,Japan,Asia-Pacific,192,1540,-13244
1599,2023-05-05,1234,Product_1070,Microchip,68,154,258,Customer_379,Consumer Electronics,Japan,Asia-Pacific,691,10472,-36516
6415,2023-05-05,1276,Product_1204,Sensor,28,348,28,Customer_29,Consumer Electronics,China,Asia-Pacific,603,9744,-7140
3965,2023-05-05,1391,Product_1231,Sensor,82,800,116,Customer_44,Automotive,South Korea,North America,245,65600,45510
8183,2023-05-05,1285,Product_1174,Robotics,83,952,361,Customer_347,Industrial,Germany,Asia-Pacific,491,79016,38263
8674,2023-05-05,1102,Product_1400,Microchip,18,586,145,Customer_97,Industrial,South Korea,Europe,149,10548,7866
2787,2023-05-05,1061,Product_1256,Microchip,20,572,404,Customer_233,Automotive,Japan,North America,88,11440,9680
3107,2023-05-05,1250,Product_1264,Robotics,60,215,13,Customer_422,Automotive,Japan,North America,753,12900,-32280
6572,2023-05-05,1219,Product_1390,Microchip,57,338,276,Customer_399,Industrial,China,North America,384,19266,-2622
9521,2023-05-05,1328,Product_1410,Microchip,51,300,43,Customer_482,Consumer Electronics,Japan,Asia-Pacific,589,15300,-14739
2760,2023-05-05,1104,Product_1105,Microchip,36,184,53,Customer_189,Consumer Electronics,Germany,Europe,484,6624,-10800
9042,2023-05-05,1160,Product_1348,Microchip,37,920,111,Customer_5,Industrial,Japan,North America,93,34040,30599
198,2023-05-05,1377,Product_1287,Robotics,95,421,480,Customer_314,Automotive,USA,Asia-Pacific,664,39995,-23085
5153,2023-05-05,1281,Product_1270,Sensor,17,674,37,Customer_220,Consumer Electronics,China,Asia-Pacific,170,11458,8568
9030,2023-05-05,1036,Product_1135,Sensor,56,146,290,Customer_108,Automotive,South Korea,North America,623,8176,-26712
4940,2023-05-05,1336,Product_1084,Microchip,83,454,84,Customer_98,Industrial,Japan,Europe,493,37682,-3237
1993,2023-05-05,1294,Product_1319,Sensor,92,175,424,Customer_170,Automotive,Germany,Asia-Pacific,61,16100,10488
507,2023-05-05,1116,Product_1186,Robotics,55,481,176,Customer_60,Automotive,China,Europe,760,26455,-15345
3525,2023-05-05,1326,Product_1240,Microchip,90,565,234,Customer_492,Industrial,Germany,North America,506,50850,5310
9459,2023-05-05,1068,Product_1239,Robotics,34,693,439,Customer_230,Industrial,USA,Europe,202,23562,16694
4331,2023-05-05,1111,Product_1125,Robotics,50,95,282,Customer_44,Consumer Electronics,Germany,North America,382,4750,-14350
1344,2023-05-05,1435,Product_1037,Sensor,91,189,464,Customer_274,Industrial,USA,Europe,568,17199,-34489
8694,2023-05-05,1223,Product_1242,Microchip,87,55,88,Customer_65,Industrial,China,Asia-Pacific,599,4785,-47328
6462,2023-05-05,1350,Product_1388,Robotics,20,841,291,Customer_156,Consumer Electronics,South Korea,Asia-Pacific,210,16820,12620
4211,2023-05-05,1380,Product_1049,Sensor,18,268,80,Customer_241,Automotive,China,North America,298,4824,-540
5937,2023-05-05,1336,Product_1041,Robotics,14,993,132,Customer_100,Automotive,USA,Europe,263,13902,10220
3017,2023-05-05,1136,Product_1364,Robotics,34,494,379,Customer_35,Automotive,USA,Asia-Pacific,292,16796,6868
8940,2023-05-05,1433,Product_1390,Sensor,91,212,213,Customer_107,Consumer Electronics,South Korea,Europe,256,19292,-4004
2276,2023-05-06,1103,Product_1453,Robotics,88,582,33,Customer_240,Automotive,South Korea,Europe,373,51216,18392
2089,2023-05-06,1446,Product_1453,Microchip,4,106,114,Customer_374,Automotive,USA,North America,489,424,-1532
8817,2023-05-06,1246,Product_1310,Sensor,66,737,451,Customer_289,Industrial,Germany,Asia-Pacific,720,48642,1122
7657,2023-05-06,1456,Product_1226,Sensor,20,273,499,Customer_218,Consumer Electronics,Japan,North America,397,5460,-2480
2223,2023-05-06,1272,Product_1264,Microchip,29,580,416,Customer_354,Industrial,South Korea,Europe,768,16820,-5452
1242,2023-05-06,1378,Product_1019,Sensor,51,381,316,Customer_453,Automotive,USA,Asia-Pacific,225,19431,7956
5407,2023-05-06,1202,Product_1201,Robotics,56,951,478,Customer_297,Automotive,South Korea,North America,100,53256,47656
9928,2023-05-06,1121,Product_1105,Robotics,97,903,20,Customer_419,Automotive,Germany,Asia-Pacific,584,87591,30943
1099,2023-05-06,1477,Product_1465,Robotics,76,536,51,Customer_467,Industrial,Japan,Asia-Pacific,187,40736,26524
5388,2023-05-06,1133,Product_1483,Robotics,95,850,335,Customer_341,Automotive,Japan,Asia-Pacific,616,80750,22230
6163,2023-05-06,1438,Product_1286,Sensor,16,85,456,Customer_144,Automotive,South Korea,Asia-Pacific,447,1360,-5792
6409,2023-05-06,1313,Product_1397,Sensor,84,595,439,Customer_193,Consumer Electronics,South Korea,Europe,191,49980,33936
3093,2023-05-06,1152,Product_1088,Sensor,69,101,442,Customer_452,Automotive,Japan,Europe,60,6969,2829
4690,2023-05-06,1250,Product_1358,Robotics,9,731,167,Customer_97,Automotive,China,North America,224,6579,4563
3789,2023-05-06,1144,Product_1376,Sensor,15,967,294,Customer_444,Consumer Electronics,China,Asia-Pacific,581,14505,5790
5402,2023-05-06,1430,Product_1461,Microchip,33,399,23,Customer_62,Automotive,China,North America,253,13167,4818
5909,2023-05-06,1334,Product_1302,Microchip,91,793,96,Customer_272,Industrial,Germany,Europe,591,72163,18382
9682,2023-05-06,1013,Product_1081,Robotics,82,506,462,Customer_161,Automotive,Germany,Europe,176,41492,27060
5390,2023-05-06,1098,Product_1078,Sensor,38,902,172,Customer_204,Automotive,Germany,Europe,140,34276,28956
2360,2023-05-06,1031,Product_1494,Microchip,62,29,83,Customer_227,Consumer Electronics,Japan,North America,625,1798,-36952
538,2023-05-06,1317,Product_1159,Robotics,19,569,6,Customer_117,Consumer Electronics,Japan,North America,369,10811,3800
846,2023-05-06,1309,Product_1439,Sensor,51,896,492,Customer_381,Consumer Electronics,Germany,Asia-Pacific,175,45696,36771
941,2023-05-07,1452,Product_1199,Microchip,72,423,376,Customer_13,Industrial,USA,Asia-Pacific,732,30456,-22248
3556,2023-05-07,1356,Product_1420,Sensor,46,318,276,Customer_283,Automotive,South Korea,North America,688,14628,-17020
4434,2023-05-07,1161,Product_1256,Sensor,61,83,239,Customer_70,Consumer Electronics,China,Asia-Pacific,615,5063,-32452
3041,2023-05-07,1077,Product_1362,Microchip,88,543,465,Customer_187,Industrial,China,Asia-Pacific,200,47784,30184
1723,2023-05-07,1100,Product_1308,Robotics,92,328,233,Customer_474,Automotive,China,Asia-Pacific,573,30176,-22540
6603,2023-05-07,1204,Product_1266,Sensor,33,411,320,Customer_294,Industrial,South Korea,Europe,156,13563,8415
7818,2023-05-07,1452,Product_1269,Sensor,16,715,256,Customer_403,Consumer Electronics,China,Europe,402,11440,5008
7622,2023-05-07,1312,Product_1109,Sensor,89,262,357,Customer_227,Industrial,Germany,Europe,645,23318,-34087
6731,2023-05-07,1084,Product_1246,Robotics,2,699,354,Customer_294,Consumer Electronics,USA,North America,101,1398,1196
8719,2023-05-07,1097,Product_1217,Robotics,47,342,384,Customer_296,Industrial,Japan,North America,66,16074,12972
7055,2023-05-07,1169,Product_1443,Sensor,59,921,430,Customer_307,Automotive,Japan,Europe,345,54339,33984
9315,2023-05-07,1425,Product_1224,Robotics,39,442,474,Customer_415,Consumer Electronics,Japan,North America,251,17238,7449
9319,2023-05-07,1263,Product_1298,Robotics,3,848,237,Customer_316,Automotive,China,Asia-Pacific,574,2544,822
4408,2023-05-07,1141,Product_1075,Microchip,86,104,30,Customer_337,Automotive,Germany,Asia-Pacific,517,8944,-35518
560,2023-05-07,1071,Product_1206,Robotics,32,693,6,Customer_343,Automotive,China,North America,431,22176,8384
7443,2023-05-07,1393,Product_1012,Sensor,38,477,298,Customer_2,Automotive,South Korea,Asia-Pacific,131,18126,13148
6052,2023-05-07,1367,Product_1229,Robotics,98,516,89,Customer_362,Automotive,China,North America,467,50568,4802
9038,2023-05-07,1053,Product_1193,Robotics,36,495,240,Customer_274,Industrial,Germany,Europe,573,17820,-2808
4513,2023-05-07,1146,Product_1232,Sensor,9,594,161,Customer_355,Consumer Electronics,Japan,Europe,617,5346,-207
1355,2023-05-07,1354,Product_1079,Robotics,90,24,2,Customer_382,Consumer Electronics,Germany,Asia-Pacific,283,2160,-23310
35,2023-05-07,1045,Product_1294,Microchip,71,760,219,Customer_345,Automotive,Germany,North America,149,53960,43381
9748,2023-05-07,1122,Product_1131,Microchip,35,47,123,Customer_288,Consumer Electronics,China,Europe,405,1645,-12530
6166,2023-05-07,1056,Product_1137,Robotics,45,749,143,Customer_423,Industrial,China,North America,613,33705,6120
5036,2023-05-07,1163,Product_1291,Sensor,9,102,110,Customer_495,Automotive,Japan,Asia-Pacific,788,918,-6174
6027,2023-05-07,1299,Product_1143,Robotics,40,875,453,Customer_170,Automotive,USA,Europe,337,35000,21520
9406,2023-05-07,1360,Product_1171,Sensor,52,103,103,Customer_442,Industrial,USA,Asia-Pacific,104,5356,-52
1413,2023-05-07,1468,Product_1396,Sensor,63,508,434,Customer_30,Automotive,China,North America,169,32004,21357
4974,2023-05-07,1378,Product_1434,Robotics,81,642,52,Customer_476,Consumer Electronics,Germany,Asia-Pacific,253,52002,31509
8586,2023-05-07,1473,Product_1061,Microchip,11,68,244,Customer_347,Automotive,China,Asia-Pacific,397,748,-3619
4763,2023-05-07,1085,Product_1126,Sensor,85,785,266,Customer_30,Automotive,Japan,North America,440,66725,29325
6641,2023-05-08,1497,Product_1050,Sensor,97,301,71,Customer_149,Automotive,USA,Asia-Pacific,145,29197,15132
7739,2023-05-08,1443,Product_1117,Robotics,22,642,110,Customer_479,Industrial,Japan,Europe,420,14124,4884
8007,2023-05-08,1276,Product_1344,Sensor,23,16,469,Customer_116,Automotive,Germany,Europe,788,368,-17756
2321,2023-05-08,1299,Product_1383,Robotics,50,951,26,Customer_86,Industrial,South Korea,North America,399,47550,27600
5631,2023-05-08,1219,Product_1118,Microchip,4,873,137,Customer_118,Automotive,South Korea,North America,66,3492,3228
9438,2023-05-08,1136,Product_1395,Robotics,9,290,324,Customer_427,Automotive,Germany,Asia-Pacific,493,2610,-1827
3232,2023-05-08,1297,Product_1131,Sensor,12,125,250,Customer_132,Consumer Electronics,Japan,Asia-Pacific,610,1500,-5820
2600,2023-05-08,1086,Product_1231,Robotics,13,857,426,Customer_196,Industrial,China,Europe,552,11141,3965
7051,2023-05-08,1055,Product_1279,Robotics,87,799,446,Customer_216,Industrial,USA,Europe,393,69513,35322
5033,2023-05-08,1308,Product_1110,Sensor,82,489,130,Customer_217,Consumer Electronics,USA,Asia-Pacific,507,40098,-1476
6047,2023-05-08,1342,Product_1185,Robotics,55,946,488,Customer_207,Automotive,Germany,Europe,758,52030,10340
6819,2023-05-08,1403,Product_1213,Sensor,19,223,167,Customer_500,Consumer Electronics,Germany,Asia-Pacific,669,4237,-8474
6403,2023-05-08,1269,Product_1392,Robotics,75,771,316,Customer_83,Consumer Electronics,Germany,Europe,707,57825,4800
5590,2023-05-08,1181,Product_1040,Robotics,17,792,329,Customer_369,Consumer Electronics,USA,Asia-Pacific,735,13464,969
9202,2023-05-08,1393,Product_1155,Robotics,13,148,366,Customer_63,Consumer Electronics,USA,Europe,602,1924,-5902
3305,2023-05-08,1428,Product_1176,Sensor,86,260,489,Customer_326,Industrial,Japan,Europe,452,22360,-16512
4967,2023-05-08,1106,Product_1258,Microchip,90,547,170,Customer_409,Automotive,Germany,Europe,650,49230,-9270
8118,2023-05-08,1334,Product_1364,Sensor,30,348,51,Customer_477,Automotive,China,Europe,703,10440,-10650
8866,2023-05-08,1010,Product_1301,Robotics,38,542,453,Customer_64,Consumer Electronics,USA,North America,745,20596,-7714
690,2023-05-08,1101,Product_1272,Microchip,46,720,209,Customer_477,Automotive,South Korea,Europe,657,33120,2898
3470,2023-05-08,1197,Product_1319,Sensor,55,76,359,Customer_468,Automotive,USA,Asia-Pacific,464,4180,-21340
6693,2023-05-08,1140,Product_1159,Robotics,39,711,342,Customer_81,Consumer Electronics,China,Asia-Pacific,348,27729,14157
1159,2023-05-08,1439,Product_1291,Robotics,79,566,84,Customer_428,Automotive,China,Europe,103,44714,36577
7319,2023-05-08,1268,Product_1466,Microchip,14,95,363,Customer_486,Consumer Electronics,China,Europe,69,1330,364
3018,2023-05-08,1166,Product_1489,Sensor,78,25,21,Customer_138,Automotive,USA,Europe,415,1950,-30420
8791,2023-05-08,1399,Product_1500,Robotics,54,365,433,Customer_188,Automotive,South Korea,Asia-Pacific,698,19710,-17982
6088,2023-05-08,1182,Product_1081,Robotics,46,629,17,Customer_7,Industrial,China,Europe,370,28934,11914
806,2023-05-08,1052,Product_1211,Sensor,26,282,299,Customer_312,Industrial,USA,Asia-Pacific,652,7332,-9620
8469,2023-05-08,1400,Product_1387,Microchip,51,925,78,Customer_186,Automotive,USA,Europe,741,47175,9384
2611,2023-05-08,1421,Product_1119,Robotics,19,23,108,Customer_482,Automotive,Japan,Europe,82,437,-1121
3526,2023-05-08,1360,Product_1086,Sensor,21,37,223,Customer_390,Consumer Electronics,South Korea,Europe,491,777,-9534
8701,2023-05-08,1305,Product_1363,Sensor,76,32,279,Customer_354,Industrial,China,North America,93,2432,-4636
8948,2023-05-08,1056,Product_1480,Microchip,84,563,164,Customer_431,Industrial,USA,Europe,260,47292,25452
3969,2023-05-09,1048,Product_1185,Sensor,79,919,444,Customer_187,Automotive,Germany,North America,653,72601,21014
121,2023-05-09,1162,Product_1303,Robotics,46,790,42,Customer_50,Industrial,South Korea,North America,365,36340,19550
1390,2023-05-09,1411,Product_1117,Microchip,41,339,360,Customer_289,Consumer Electronics,Japan,Europe,30,13899,12669
8520,2023-05-09,1042,Product_1431,Microchip,94,102,313,Customer_280,Consumer Electronics,China,Asia-Pacific,160,9588,-5452
9648,2023-05-09,1357,Product_1125,Sensor,6,137,236,Customer_315,Consumer Electronics,China,North America,337,822,-1200
5849,2023-05-09,1395,Product_1482,Sensor,59,73,175,Customer_466,Industrial,China,North America,99,4307,-1534
475,2023-05-09,1233,Product_1132,Microchip,52,382,217,Customer_66,Industrial,USA,North America,385,19864,-156
6725,2023-05-09,1293,Product_1282,Sensor,88,743,178,Customer_214,Consumer Electronics,Japan,Asia-Pacific,559,65384,16192
4770,2023-05-09,1120,Product_1150,Robotics,80,499,133,Customer_52,Consumer Electronics,USA,Asia-Pacific,587,39920,-7040
7775,2023-05-09,1404,Product_1352,Robotics,5,203,74,Customer_36,Automotive,China,Asia-Pacific,394,1015,-955
8328,2023-05-09,1052,Product_1496,Sensor,4,16,206,Customer_70,Consumer Electronics,China,Europe,162,64,-584
8218,2023-05-09,1138,Product_1496,Microchip,35,344,79,Customer_40,Automotive,USA,Asia-Pacific,698,12040,-12390
7606,2023-05-09,1402,Product_1402,Sensor,29,165,306,Customer_226,Automotive,Japan,Europe,741,4785,-16704
6965,2023-05-09,1011,Product_1152,Robotics,96,569,149,Customer_355,Automotive,China,Asia-Pacific,184,54624,36960
7966,2023-05-09,1269,Product_1354,Robotics,98,293,413,Customer_346,Consumer Electronics,Japan,Europe,607,28714,-30772
326,2023-05-09,1289,Product_1259,Robotics,62,409,460,Customer_7,Automotive,Germany,Europe,244,25358,10230
3732,2023-05-09,1224,Product_1454,Sensor,96,138,286,Customer_169,Industrial,USA,North America,589,13248,-43296
1113,2023-05-09,1083,Product_1014,Sensor,64,717,169,Customer_248,Industrial,Japan,Europe,530,45888,11968
7619,2023-05-09,1291,Product_1134,Sensor,86,660,360,Customer_61,Automotive,Japan,North America,448,56760,18232
6259,2023-05-09,1124,Product_1013,Microchip,90,161,183,Customer_372,Industrial,Japan,Europe,788,14490,-56430
3941,2023-05-09,1477,Product_1455,Microchip,42,174,250,Customer_332,Consumer Electronics,Japan,Europe,74,7308,4200
4367,2023-05-09,1014,Product_1372,Robotics,38,865,337,Customer_153,Industrial,Germany,Europe,622,32870,9234
8770,2023-05-09,1282,Product_1401,Robotics,38,828,225,Customer_13,Consumer Electronics,USA,Asia-Pacific,474,31464,13452
6619,2023-05-09,1189,Product_1498,Sensor,93,297,10,Customer_135,Automotive,Germany,Europe,39,27621,23994
3698,2023-05-10,1490,Product_1350,Microchip,22,320,367,Customer_99,Automotive,Germany,Europe,195,7040,2750
7253,2023-05-10,1058,Product_1464,Microchip,98,839,472,Customer_312,Consumer Electronics,USA,North America,66,82222,75754
5927,2023-05-10,1248,Product_1146,Sensor,43,966,459,Customer_264,Consumer Electronics,China,Asia-Pacific,96,41538,37410
3537,2023-05-10,1213,Product_1262,Microchip,7,953,153,Customer_265,Automotive,USA,Europe,443,6671,3570
6216,2023-05-10,1398,Product_1369,Sensor,57,897,308,Customer_352,Consumer Electronics,Germany,Europe,453,51129,25308
6273,2023-05-10,1448,Product_1129,Robotics,60,956,310,Customer_224,Industrial,China,Asia-Pacific,419,57360,32220
2988,2023-05-10,1297,Product_1369,Sensor,16,216,458,Customer_167,Automotive,Japan,North America,298,3456,-1312
2419,2023-05-10,1202,Product_1311,Microchip,15,169,203,Customer_361,Automotive,USA,North America,793,2535,-9360
9542,2023-05-10,1191,Product_1404,Microchip,16,18,41,Customer_360,Consumer Electronics,Germany,Europe,590,288,-9152
4329,2023-05-10,1037,Product_1203,Microchip,93,664,22,Customer_187,Automotive,USA,Asia-Pacific,380,61752,26412
3422,2023-05-10,1189,Product_1227,Sensor,47,170,15,Customer_281,Industrial,Japan,Europe,203,7990,-1551
6188,2023-05-10,1348,Product_1208,Robotics,31,848,70,Customer_210,Consumer Electronics,Japan,Asia-Pacific,693,26288,4805
5624,2023-05-10,1447,Product_1169,Sensor,76,265,399,Customer_138,Industrial,China,Europe,385,20140,-9120
210,2023-05-10,1468,Product_1446,Microchip,37,922,18,Customer_376,Consumer Electronics,Japan,North America,354,34114,21016
1252,2023-05-10,1480,Product_1197,Microchip,96,62,273,Customer_381,Consumer Electronics,Germany,North America,242,5952,-17280
7567,2023-05-10,1419,Product_1205,Robotics,19,997,231,Customer_338,Automotive,Germany,North America,353,18943,12236
2166,2023-05-10,1422,Product_1173,Microchip,5,289,392,Customer_287,Automotive,USA,North America,27,1445,1310
5111,2023-05-10,1189,Product_1184,Sensor,60,245,375,Customer_73,Automotive,USA,Asia-Pacific,424,14700,-10740
9144,2023-05-10,1492,Product_1252,Sensor,39,281,84,Customer_456,Consumer Electronics,USA,Europe,263,10959,702
6341,2023-05-10,1011,Product_1257,Robotics,30,557,317,Customer_224,Automotive,USA,North America,636,16710,-2370
6134,2023-05-10,1388,Product_1075,Robotics,59,334,104,Customer_30,Industrial,China,North America,641,19706,-18113
2489,2023-05-10,1148,Product_1012,Microchip,51,230,470,Customer_340,Industrial,USA,Europe,238,11730,-408
5564,2023-05-10,1077,Product_1477,Robotics,54,630,374,Customer_224,Automotive,USA,North America,191,34020,23706
6410,2023-05-10,1419,Product_1449,Robotics,48,159,112,Customer_390,Automotive,Japan,Europe,365,7632,-9888
217,2023-05-10,1103,Product_1318,Robotics,3,15,246,Customer_457,Industrial,South Korea,Europe,754,45,-2217
126,2023-05-11,1384,Product_1389,Sensor,79,484,108,Customer_398,Industrial,South Korea,Asia-Pacific,276,38236,16432
3005,2023-05-11,1316,Product_1221,Sensor,34,574,174,Customer_272,Consumer Electronics,Germany,Asia-Pacific,533,19516,1394
5607,2023-05-11,1482,Product_1311,Sensor,53,328,330,Customer_294,Automotive,Germany,Europe,284,17384,2332
2441,2023-05-11,1343,Product_1071,Robotics,28,687,103,Customer_210,Industrial,South Korea,Asia-Pacific,698,19236,-308
4484,2023-05-11,1442,Product_1158,Robotics,3,805,124,Customer_250,Automotive,South Korea,Europe,358,2415,1341
5616,2023-05-11,1118,Product_1353,Microchip,33,289,95,Customer_133,Consumer Electronics,South Korea,Europe,111,9537,5874
1192,2023-05-11,1182,Product_1042,Sensor,78,115,485,Customer_15,Automotive,China,Asia-Pacific,210,8970,-7410
2092,2023-05-11,1159,Product_1191,Sensor,18,66,308,Customer_165,Industrial,Germany,Asia-Pacific,520,1188,-8172
7939,2023-05-11,1235,Product_1175,Microchip,17,168,70,Customer_205,Consumer Electronics,China,Asia-Pacific,284,2856,-1972
6314,2023-05-11,1494,Product_1340,Sensor,12,554,387,Customer_370,Consumer Electronics,China,Asia-Pacific,769,6648,-2580
5598,2023-05-11,1197,Product_1105,Robotics,18,323,162,Customer_152,Automotive,USA,Europe,372,5814,-882
4711,2023-05-11,1331,Product_1326,Sensor,27,333,263,Customer_404,Industrial,USA,Europe,681,8991,-9396
3743,2023-05-11,1491,Product_1446,Microchip,65,421,21,Customer_163,Consumer Electronics,Germany,Europe,534,27365,-7345
8018,2023-05-11,1460,Product_1017,Sensor,48,61,228,Customer_87,Automotive,South Korea,Europe,495,2928,-20832
3668,2023-05-11,1299,Product_1220,Robotics,16,572,196,Customer_37,Industrial,Japan,Asia-Pacific,312,9152,4160
235,2023-05-11,1488,Product_1251,Sensor,78,777,86,Customer_298,Industrial,South Korea,North America,793,60606,-1248
3046,2023-05-11,1153,Product_1227,Microchip,59,503,424,Customer_334,Industrial,Japan,Europe,24,29677,28261
3244,2023-05-11,1403,Product_1257,Sensor,14,300,300,Customer_427,Automotive,Germany,Asia-Pacific,783,4200,-6762
4084,2023-05-11,1305,Product_1444,Microchip,15,584,96,Customer_217,Industrial,Germany,Asia-Pacific,695,8760,-1665
77,2023-05-11,1482,Product_1387,Microchip,9,380,182,Customer_374,Consumer Electronics,Germany,Asia-Pacific,389,3420,-81
7373,2023-05-11,1396,Product_1305,Robotics,5,825,486,Customer_209,Industrial,USA,Asia-Pacific,598,4125,1135
5853,2023-05-11,1098,Product_1221,Robotics,17,723,357,Customer_431,Automotive,Germany,North America,79,12291,10948
3215,2023-05-11,1349,Product_1055,Microchip,77,945,363,Customer_450,Industrial,Germany,Europe,221,72765,55748
7322,2023-05-11,1059,Product_1018,Sensor,49,336,293,Customer_216,Automotive,South Korea,Europe,724,16464,-19012
5774,2023-05-11,1254,Product_1308,Sensor,23,120,186,Customer_138,Consumer Electronics,Japan,North America,47,2760,1679
5061,2023-05-11,1413,Product_1097,Microchip,69,441,276,Customer_13,Industrial,South Korea,Asia-Pacific,617,30429,-12144
3628,2023-05-12,1130,Product_1158,Sensor,97,329,464,Customer_333,Consumer Electronics,Germany,Asia-Pacific,297,31913,3104
5661,2023-05-12,1138,Product_1203,Robotics,82,397,243,Customer_155,Automotive,USA,Europe,794,32554,-32554
9450,2023-05-12,1163,Product_1030,Microchip,51,589,321,Customer_209,Automotive,Japan,Asia-Pacific,222,30039,18717
4391,2023-05-12,1139,Product_1309,Sensor,59,876,61,Customer_54,Consumer Electronics,China,North America,36,51684,49560
5094,2023-05-12,1500,Product_1331,Robotics,47,995,12,Customer_339,Consumer Electronics,China,Asia-Pacific,669,46765,15322
5743,2023-05-12,1241,Product_1161,Microchip,31,336,398,Customer_168,Automotive,Germany,Asia-Pacific,180,10416,4836
9930,2023-05-12,1406,Product_1491,Sensor,39,642,444,Customer_402,Industrial,Germany,North America,293,25038,13611
6776,2023-05-12,1476,Product_1241,Microchip,92,465,18,Customer_61,Automotive,China,North America,372,42780,8556
3254,2023-05-12,1399,Product_1465,Robotics,3,456,85,Customer_477,Consumer Electronics,China,Europe,436,1368,60
2928,2023-05-12,1189,Product_1004,Sensor,12,14,145,Customer_163,Consumer Electronics,Germany,North America,729,168,-8580
740,2023-05-12,1146,Product_1166,Sensor,86,637,387,Customer_318,Industrial,South Korea,Asia-Pacific,302,54782,28810
6734,2023-05-12,1001,Product_1038,Robotics,92,423,297,Customer_57,Automotive,South Korea,Asia-Pacific,736,38916,-28796
6973,2023-05-12,1099,Product_1305,Sensor,94,436,446,Customer_173,Industrial,South Korea,Europe,246,40984,17860
6771,2023-05-12,1499,Product_1081,Microchip,24,871,407,Customer_68,Consumer Electronics,South Korea,Asia-Pacific,157,20904,17136
544,2023-05-12,1373,Product_1382,Microchip,49,376,344,Customer_202,Consumer Electronics,China,Asia-Pacific,621,18424,-12005
5796,2023-05-12,1086,Product_1423,Sensor,11,591,460,Customer_442,Automotive,Germany,North America,621,6501,-330
2997,2023-05-12,1226,Product_1007,Robotics,56,240,157,Customer_217,Consumer Electronics,Japan,Asia-Pacific,196,13440,2464
1976,2023-05-12,1382,Product_1130,Robotics,58,211,67,Customer_194,Automotive,Germany,North America,483,12238,-15776
6116,2023-05-12,1134,Product_1393,Robotics,92,642,450,Customer_12,Consumer Electronics,China,Asia-Pacific,320,59064,29624
3335,2023-05-12,1422,Product_1273,Microchip,90,645,164,Customer_105,Industrial,Japan,Asia-Pacific,552,58050,8370
679,2023-05-12,1210,Product_1049,Microchip,86,438,447,Customer_220,Automotive,China,Europe,232,37668,17716
8307,2023-05-13,1176,Product_1193,Sensor,45,392,454,Customer_479,Automotive,China,Asia-Pacific,630,17640,-10710
2804,2023-05-13,1228,Product_1497,Robotics,19,392,205,Customer_327,Consumer Electronics,Japan,North America,771,7448,-7201
7828,2023-05-13,1355,Product_1426,Microchip,99,45,269,Customer_418,Consumer Electronics,Japan,Europe,204,4455,-15741
550,2023-05-13,1472,Product_1206,Robotics,3,563,447,Customer_27,Automotive,USA,Asia-Pacific,439,1689,372
2793,2023-05-13,1043,Product_1344,Sensor,51,863,19,Customer_154,Industrial,Japan,Europe,565,44013,15198
5005,2023-05-13,1431,Product_1228,Robotics,20,177,110,Customer_15,Automotive,Germany,Asia-Pacific,689,3540,-10240
5335,2023-05-13,1061,Product_1405,Robotics,53,489,51,Customer_70,Automotive,Japan,North America,156,25917,17649
8868,2023-05-13,1431,Product_1377,Microchip,14,159,126,Customer_89,Consumer Electronics,South Korea,Asia-Pacific,678,2226,-7266
7875,2023-05-13,1453,Product_1193,Sensor,78,33,473,Customer_55,Industrial,China,Asia-Pacific,480,2574,-34866
6217,2023-05-13,1494,Product_1165,Microchip,50,550,166,Customer_316,Consumer Electronics,South Korea,Europe,218,27500,16600
766,2023-05-13,1292,Product_1407,Microchip,61,966,75,Customer_29,Industrial,Japan,North America,507,58926,27999
6316,2023-05-13,1351,Product_1233,Robotics,58,465,124,Customer_432,Automotive,USA,North America,450,26970,870
579,2023-05-13,1344,Product_1365,Robotics,66,296,70,Customer_220,Consumer Electronics,Japan,Europe,367,19536,-4686
5863,2023-05-13,1454,Product_1267,Robotics,43,864,400,Customer_48,Automotive,Germany,Asia-Pacific,417,37152,19221
4263,2023-05-13,1082,Product_1463,Robotics,80,643,207,Customer_435,Automotive,South Korea,Asia-Pacific,361,51440,22560
8772,2023-05-13,1225,Product_1203,Sensor,27,985,448,Customer_174,Automotive,China,Asia-Pacific,153,26595,22464
9234,2023-05-13,1460,Product_1443,Microchip,93,425,296,Customer_289,Consumer Electronics,Japan,Europe,438,39525,-1209
836,2023-05-13,1292,Product_1280,Robotics,72,893,37,Customer_482,Consumer Electronics,China,Europe,117,64296,55872
4898,2023-05-13,1166,Product_1248,Robotics,45,883,457,Customer_234,Automotive,Germany,Asia-Pacific,67,39735,36720
6587,2023-05-13,1205,Product_1412,Sensor,57,113,341,Customer_10,Industrial,South Korea,North America,155,6441,-2394
3263,2023-05-13,1233,Product_1194,Microchip,60,272,10,Customer_15,Industrial,South Korea,North America,398,16320,-7560
4894,2023-05-13,1447,Product_1483,Microchip,53,309,465,Customer_451,Consumer Electronics,China,Europe,434,16377,-6625
5427,2023-05-13,1175,Product_1350,Sensor,50,475,437,Customer_468,Consumer Electronics,Japan,Asia-Pacific,147,23750,16400
1543,2023-05-14,1245,Product_1329,Sensor,33,543,330,Customer_71,Automotive,Germany,North America,533,17919,330
6975,2023-05-14,1152,Product_1389,Robotics,46,440,282,Customer_8,Automotive,USA,Europe,321,20240,5474
5158,2023-05-14,1118,Product_1180,Microchip,71,945,226,Customer_308,Industrial,South Korea,Europe,702,67095,17253
2030,2023-05-14,1241,Product_1112,Sensor,91,269,9,Customer_377,Industrial,China,North America,618,24479,-31759
782,2023-05-14,1457,Product_1330,Sensor,17,193,219,Customer_352,Automotive,South Korea,Asia-Pacific,8,3281,3145
8413,2023-05-14,1124,Product_1473,Robotics,18,724,225,Customer_318,Industrial,Japan,North America,762,13032,-684
9395,2023-05-14,1234,Product_1116,Sensor,42,465,238,Customer_163,Consumer Electronics,Japan,Europe,283,19530,7644
4283,2023-05-14,1349,Product_1053,Robotics,13,432,24,Customer_355,Automotive,South Korea,Europe,489,5616,-741
5868,2023-05-14,1215,Product_1326,Robotics,96,818,305,Customer_229,Automotive,South Korea,Europe,727,78528,8736
9608,2023-05-14,1074,Product_1230,Microchip,61,377,54,Customer_147,Automotive,Germany,Asia-Pacific,205,22997,10492
1329,2023-05-14,1175,Product_1087,Sensor,98,141,239,Customer_308,Industrial,USA,North America,464,13818,-31654
2039,2023-05-14,1175,Product_1318,Robotics,27,169,209,Customer_485,Consumer Electronics,Japan,Asia-Pacific,563,4563,-10638
7627,2023-05-14,1074,Product_1430,Robotics,39,461,38,Customer_415,Industrial,China,North America,63,17979,15522
1285,2023-05-14,1144,Product_1196,Microchip,26,377,407,Customer_323,Consumer Electronics,Japan,Asia-Pacific,92,9802,7410
4491,2023-05-14,1404,Product_1175,Robotics,51,198,475,Customer_227,Industrial,South Korea,North America,784,10098,-29886
9409,2023-05-14,1207,Product_1409,Robotics,60,104,245,Customer_43,Consumer Electronics,Japan,Europe,549,6240,-26700
2938,2023-05-14,1060,Product_1281,Microchip,31,552,396,Customer_167,Automotive,South Korea,Europe,695,17112,-4433
1769,2023-05-14,1444,Product_1151,Robotics,74,958,116,Customer_353,Consumer Electronics,USA,Europe,625,70892,24642
3677,2023-05-14,1113,Product_1383,Microchip,31,722,226,Customer_141,Automotive,USA,Europe,289,22382,13423
6566,2023-05-14,1163,Product_1445,Microchip,29,962,432,Customer_49,Industrial,South Korea,North America,211,27898,21779
9750,2023-05-14,1205,Product_1167,Microchip,13,394,23,Customer_204,Consumer Electronics,Germany,North America,388,5122,78
7652,2023-05-14,1330,Product_1244,Robotics,58,577,299,Customer_298,Consumer Electronics,Japan,North America,779,33466,-11716
6370,2023-05-14,1178,Product_1224,Robotics,5,343,21,Customer_372,Automotive,USA,Asia-Pacific,475,1715,-660
6322,2023-05-14,1374,Product_1087,Microchip,62,959,384,Customer_249,Consumer Electronics,South Korea,North America,624,59458,20770
3869,2023-05-15,1147,Product_1167,Microchip,89,761,126,Customer_353,Consumer Electronics,Germany,Europe,214,67729,48683
1151,2023-05-15,1261,Product_1322,Microchip,56,921,226,Customer_498,Consumer Electronics,USA,North America,694,51576,12712
1150,2023-05-15,1180,Product_1228,Microchip,58,664,1,Customer_459,Consumer Electronics,China,North America,251,38512,23954
7561,2023-05-15,1366,Product_1419,Sensor,52,317,473,Customer_58,Automotive,South Korea,Europe,25,16484,15184
1673,2023-05-15,1498,Product_1408,Microchip,30,441,278,Customer_426,Automotive,Japan,Europe,651,13230,-6300
6425,2023-05-15,1052,Product_1097,Robotics,29,684,299,Customer_413,Automotive,Germany,Asia-Pacific,386,19836,8642
4530,2023-05-15,1482,Product_1406,Microchip,67,135,196,Customer_216,Automotive,Japan,North America,720,9045,-39195
3848,2023-05-15,1015,Product_1204,Microchip,50,692,321,Customer_462,Industrial,Japan,Europe,766,34600,-3700
5017,2023-05-15,1440,Product_1039,Robotics,41,960,491,Customer_19,Industrial,Japan,Europe,706,39360,10414
2874,2023-05-15,1472,Product_1267,Sensor,20,676,234,Customer_408,Consumer Electronics,Japan,North America,482,13520,3880
4029,2023-05-15,1457,Product_1102,Sensor,96,344,294,Customer_488,Consumer Electronics,China,Asia-Pacific,115,33024,21984
1340,2023-05-15,1127,Product_1387,Sensor,62,214,472,Customer_26,Consumer Electronics,Germany,North America,520,13268,-18972
3993,2023-05-15,1020,Product_1444,Microchip,73,968,109,Customer_58,Consumer Electronics,Germany,North America,449,70664,37887
1617,2023-05-15,1188,Product_1499,Microchip,62,303,361,Customer_469,Industrial,Germany,North America,445,18786,-8804
2589,2023-05-15,1097,Product_1111,Microchip,28,98,360,Customer_405,Consumer Electronics,China,Asia-Pacific,412,2744,-8792
8030,2023-05-15,1500,Product_1458,Robotics,60,426,99,Customer_25,Industrial,South Korea,Europe,778,25560,-21120
4611,2023-05-15,1265,Product_1237,Sensor,59,164,405,Customer_344,Consumer Electronics,USA,Asia-Pacific,112,9676,3068
5440,2023-05-15,1294,Product_1358,Microchip,73,626,439,Customer_480,Automotive,South Korea,North America,51,45698,41975
9295,2023-05-15,1347,Product_1011,Robotics,6,574,436,Customer_307,Industrial,South Korea,Asia-Pacific,97,3444,2862
128,2023-05-15,1126,Product_1140,Robotics,16,386,396,Customer_51,Consumer Electronics,Germany,North America,298,6176,1408
2513,2023-05-15,1045,Product_1205,Sensor,90,497,205,Customer_206,Automotive,Germany,Europe,690,44730,-17370
7490,2023-05-15,1098,Product_1175,Robotics,9,370,445,Customer_201,Automotive,USA,Europe,485,3330,-1035
4846,2023-05-15,1417,Product_1172,Sensor,45,578,453,Customer_128,Consumer Electronics,Germany,Europe,10,26010,25560
7040,2023-05-15,1088,Product_1225,Sensor,3,954,76,Customer_307,Industrial,South Korea,Europe,551,2862,1209
6653,2023-05-15,1035,Product_1079,Robotics,92,609,171,Customer_180,Automotive,China,North America,18,56028,54372
4483,2023-05-15,1320,Product_1263,Microchip,1,642,127,Customer_463,Automotive,South Korea,North America,152,642,490
8981,2023-05-15,1084,Product_1475,Robotics,31,433,337,Customer_322,Industrial,South Korea,Asia-Pacific,353,13423,2480
5920,2023-05-16,1285,Product_1078,Robotics,41,402,114,Customer_164,Industrial,South Korea,Asia-Pacific,87,16482,12915
6510,2023-05-16,1317,Product_1298,Sensor,55,236,205,Customer_324,Consumer Electronics,China,Europe,493,12980,-14135
9057,2023-05-16,1455,Product_1118,Sensor,92,31,1,Customer_399,Automotive,USA,Europe,439,2852,-37536
8994,2023-05-16,1380,Product_1342,Robotics,90,461,115,Customer_270,Consumer Electronics,Germany,Asia-Pacific,677,41490,-19440
4721,2023-05-16,1037,Product_1125,Microchip,74,789,435,Customer_469,Automotive,USA,Asia-Pacific,90,58386,51726
7454,2023-05-16,1161,Product_1132,Microchip,14,692,395,Customer_380,Consumer Electronics,Germany,Europe,445,9688,3458
930,2023-05-16,1007,Product_1314,Microchip,38,866,365,Customer_62,Industrial,Germany,Europe,313,32908,21014
355,2023-05-16,1059,Product_1277,Microchip,90,297,444,Customer_144,Industrial,USA,North America,193,26730,9360
8620,2023-05-16,1450,Product_1269,Sensor,48,580,447,Customer_244,Consumer Electronics,Germany,Europe,207,27840,17904
8510,2023-05-16,1137,Product_1070,Microchip,44,927,99,Customer_272,Industrial,USA,Europe,351,40788,25344
6691,2023-05-16,1032,Product_1253,Microchip,71,107,193,Customer_242,Automotive,Germany,Asia-Pacific,662,7597,-39405
453,2023-05-16,1254,Product_1191,Robotics,58,27,473,Customer_423,Automotive,Germany,Europe,686,1566,-38222
7791,2023-05-16,1394,Product_1272,Microchip,53,87,453,Customer_104,Consumer Electronics,USA,North America,428,4611,-18073
4436,2023-05-16,1052,Product_1494,Sensor,55,78,184,Customer_247,Consumer Electronics,Germany,North America,552,4290,-26070
994,2023-05-16,1145,Product_1054,Robotics,78,43,393,Customer_107,Consumer Electronics,USA,Europe,638,3354,-46410
3529,2023-05-16,1478,Product_1327,Microchip,54,699,346,Customer_243,Automotive,Germany,Europe,35,37746,35856
2118,2023-05-16,1104,Product_1425,Robotics,28,400,144,Customer_238,Industrial,Japan,Europe,788,11200,-10864
9250,2023-05-16,1218,Product_1237,Robotics,78,108,400,Customer_456,Industrial,Japan,North America,472,8424,-28392
7006,2023-05-16,1127,Product_1122,Microchip,80,519,119,Customer_47,Automotive,Japan,Asia-Pacific,69,41520,36000
9866,2023-05-16,1006,Product_1111,Sensor,32,964,333,Customer_112,Consumer Electronics,China,Europe,718,30848,7872
1075,2023-05-16,1280,Product_1137,Sensor,66,590,48,Customer_81,Industrial,Japan,Europe,121,38940,30954
5185,2023-05-16,1062,Product_1131,Robotics,67,648,224,Customer_472,Consumer Electronics,Japan,North America,43,43416,40535
7675,2023-05-16,1410,Product_1002,Robotics,24,274,472,Customer_331,Industrial,South Korea,North America,715,6576,-10584
7345,2023-05-16,1076,Product_1359,Microchip,10,502,184,Customer_151,Automotive,Germany,Asia-Pacific,130,5020,3720
5596,2023-05-17,1105,Product_1024,Robotics,14,821,432,Customer_361,Automotive,Germany,Asia-Pacific,613,11494,2912
247,2023-05-17,1290,Product_1272,Robotics,86,769,150,Customer_21,Consumer Electronics,China,Europe,526,66134,20898
9904,2023-05-17,1162,Product_1276,Sensor,76,676,364,Customer_320,Industrial,China,North America,193,51376,36708
7356,2023-05-17,1404,Product_1381,Microchip,33,515,303,Customer_389,Industrial,Japan,Asia-Pacific,440,16995,2475
4500,2023-05-17,1108,Product_1283,Microchip,77,915,164,Customer_256,Industrial,Japan,Europe,616,70455,23023
7558,2023-05-17,1385,Product_1005,Robotics,2,425,266,Customer_108,Automotive,Japan,Asia-Pacific,210,850,430
3211,2023-05-17,1213,Product_1134,Sensor,16,182,349,Customer_411,Industrial,Japan,Asia-Pacific,294,2912,-1792
4853,2023-05-17,1429,Product_1210,Microchip,92,223,123,Customer_85,Consumer Electronics,China,North America,797,20516,-52808
7111,2023-05-17,1146,Product_1071,Robotics,35,881,86,Customer_250,Consumer Electronics,Japan,Europe,354,30835,18445
6969,2023-05-17,1274,Product_1304,Sensor,68,828,401,Customer_151,Industrial,Japan,North America,44,56304,53312
4540,2023-05-17,1053,Product_1338,Robotics,37,780,92,Customer_160,Industrial,South Korea,Europe,147,28860,23421
3063,2023-05-17,1334,Product_1135,Sensor,22,673,13,Customer_131,Consumer Electronics,China,Europe,698,14806,-550
8335,2023-05-17,1067,Product_1351,Sensor,7,78,72,Customer_35,Consumer Electronics,China,North America,37,546,287
2573,2023-05-17,1222,Product_1009,Microchip,39,743,428,Customer_28,Industrial,China,Asia-Pacific,692,28977,1989
8414,2023-05-17,1107,Product_1069,Sensor,10,456,290,Customer_63,Industrial,China,North America,161,4560,2950
4666,2023-05-17,1276,Product_1410,Robotics,34,374,496,Customer_122,Automotive,USA,Europe,650,12716,-9384
7663,2023-05-17,1313,Product_1245,Robotics,40,821,433,Customer_88,Consumer Electronics,Germany,North America,419,32840,16080
4141,2023-05-17,1326,Product_1343,Sensor,78,240,14,Customer_351,Industrial,China,North America,41,18720,15522
5689,2023-05-17,1119,Product_1256,Sensor,80,178,333,Customer_152,Industrial,China,North America,96,14240,6560
3724,2023-05-17,1114,Product_1363,Microchip,3,39,69,Customer_101,Automotive,China,Europe,498,117,-1377
142,2023-05-18,1055,Product_1466,Microchip,25,315,20,Customer_218,Consumer Electronics,China,Europe,312,7875,75
3509,2023-05-18,1311,Product_1101,Sensor,37,707,443,Customer_117,Automotive,China,Europe,109,26159,22126
4837,2023-05-18,1444,Product_1133,Sensor,28,282,216,Customer_196,Consumer Electronics,South Korea,North America,460,7896,-4984
1376,2023-05-18,1293,Product_1189,Sensor,26,672,234,Customer_481,Industrial,USA,Europe,763,17472,-2366
7304,2023-05-18,1013,Product_1200,Sensor,15,267,125,Customer_137,Industrial,USA,North America,530,4005,-3945
9266,2023-05-18,1086,Product_1388,Robotics,62,864,202,Customer_12,Automotive,South Korea,Europe,329,53568,33170
153,2023-05-18,1185,Product_1413,Sensor,17,46,142,Customer_392,Automotive,USA,Asia-Pacific,427,782,-6477
44,2023-05-18,1036,Product_1227,Microchip,76,501,90,Customer_338,Industrial,USA,North America,418,38076,6308
8488,2023-05-18,1153,Product_1301,Robotics,26,788,264,Customer_464,Consumer Electronics,South Korea,Europe,596,20488,4992
1663,2023-05-18,1288,Product_1366,Sensor,60,608,177,Customer_215,Industrial,Germany,Europe,506,36480,6120
1334,2023-05-18,1151,Product_1077,Sensor,37,100,420,Customer_237,Industrial,Germany,Asia-Pacific,627,3700,-19499
3780,2023-05-18,1122,Product_1429,Robotics,19,219,99,Customer_202,Consumer Electronics,Germany,North America,272,4161,-1007
4768,2023-05-18,1155,Product_1332,Microchip,77,606,44,Customer_189,Industrial,South Korea,Europe,548,46662,4466
3995,2023-05-18,1138,Product_1468,Robotics,90,863,489,Customer_475,Industrial,China,North America,718,77670,13050
8397,2023-05-18,1463,Product_1073,Sensor,78,644,317,Customer_65,Automotive,Japan,Asia-Pacific,393,50232,19578
4652,2023-05-18,1094,Product_1072,Sensor,8,411,158,Customer_343,Industrial,Germany,Europe,719,3288,-2464
5932,2023-05-18,1198,Product_1476,Robotics,2,100,301,Customer_436,Consumer Electronics,China,Asia-Pacific,460,200,-720
5591,2023-05-18,1117,Product_1261,Robotics,39,923,457,Customer_208,Consumer Electronics,China,Europe,64,35997,33501
2094,2023-05-18,1442,Product_1227,Robotics,88,134,304,Customer_488,Industrial,Japan,Asia-Pacific,664,11792,-46640
6562,2023-05-18,1172,Product_1498,Robotics,45,112,42,Customer_51,Automotive,USA,Europe,207,5040,-4275
7330,2023-05-18,1037,Product_1082,Microchip,64,124,78,Customer_227,Consumer Electronics,Germany,North America,273,7936,-9536
7656,2023-05-18,1392,Product_1077,Microchip,39,68,140,Customer_496,Consumer Electronics,USA,Europe,351,2652,-11037
838,2023-05-18,1060,Product_1387,Robotics,30,820,251,Customer_240,Automotive,South Korea,North America,444,24600,11280
7600,2023-05-18,1467,Product_1104,Sensor,35,823,251,Customer_75,Consumer Electronics,China,North America,774,28805,1715
7343,2023-05-18,1305,Product_1177,Robotics,17,385,333,Customer_437,Automotive,Japan,Europe,324,6545,1037
3494,2023-05-18,1295,Product_1175,Robotics,95,586,452,Customer_108,Industrial,South Korea,Asia-Pacific,134,55670,42940
9680,2023-05-18,1267,Product_1020,Microchip,4,220,460,Customer_193,Consumer Electronics,USA,North America,256,880,-144
8785,2023-05-18,1311,Product_1387,Sensor,72,301,427,Customer_213,Consumer Electronics,Japan,Europe,222,21672,5688
4439,2023-05-18,1289,Product_1412,Microchip,74,201,326,Customer_219,Consumer Electronics,USA,Europe,147,14874,3996
8802,2023-05-18,1104,Product_1120,Microchip,66,302,62,Customer_291,Industrial,South Korea,Asia-Pacific,317,19932,-990
3454,2023-05-18,1015,Product_1422,Robotics,95,877,1,Customer_19,Automotive,Japan,Europe,103,83315,73530
9954,2023-05-18,1142,Product_1139,Robotics,46,535,207,Customer_225,Consumer Electronics,Japan,North America,422,24610,5198
8490,2023-05-19,1469,Product_1017,Robotics,42,506,98,Customer_344,Automotive,USA,Asia-Pacific,577,21252,-2982
5586,2023-05-19,1263,Product_1172,Sensor,10,274,34,Customer_282,Industrial,USA,North America,569,2740,-2950
9091,2023-05-19,1314,Product_1191,Sensor,72,354,91,Customer_82,Automotive,Japan,North America,697,25488,-24696
6863,2023-05-19,1361,Product_1442,Sensor,21,660,445,Customer_360,Automotive,South Korea,North America,91,13860,11949
6028,2023-05-19,1018,Product_1228,Sensor,80,986,205,Customer_457,Consumer Electronics,Japan,North America,170,78880,65280
4780,2023-05-19,1270,Product_1458,Robotics,74,641,148,Customer_50,Industrial,Germany,North America,34,47434,44918
7182,2023-05-19,1312,Product_1124,Microchip,31,352,462,Customer_417,Consumer Electronics,China,North America,289,10912,1953
6513,2023-05-19,1500,Product_1088,Microchip,98,634,450,Customer_239,Automotive,USA,Asia-Pacific,417,62132,21266
3217,2023-05-19,1021,Product_1230,Robotics,55,572,391,Customer_394,Consumer Electronics,South Korea,Europe,602,31460,-1650
8796,2023-05-19,1026,Product_1111,Robotics,16,710,400,Customer_256,Automotive,Japan,North America,568,11360,2272
5918,2023-05-19,1257,Product_1393,Microchip,14,229,142,Customer_38,Consumer Electronics,China,Europe,159,3206,980
1829,2023-05-19,1091,Product_1061,Robotics,10,285,203,Customer_102,Industrial,USA,Asia-Pacific,91,2850,1940
8234,2023-05-19,1173,Product_1042,Robotics,99,105,366,Customer_23,Industrial,Germany,Asia-Pacific,267,10395,-16038
2913,2023-05-19,1421,Product_1466,Microchip,96,212,277,Customer_99,Consumer Electronics,Germany,Asia-Pacific,700,20352,-46848
8322,2023-05-19,1003,Product_1025,Robotics,83,605,43,Customer_367,Industrial,South Korea,Europe,147,50215,38014
4796,2023-05-19,1033,Product_1150,Microchip,79,356,487,Customer_472,Consumer Electronics,China,North America,346,28124,790
1102,2023-05-19,1287,Product_1339,Robotics,65,882,92,Customer_97,Automotive,Germany,Asia-Pacific,728,57330,10010
1665,2023-05-19,1500,Product_1073,Robotics,49,995,284,Customer_20,Industrial,Japan,North America,187,48755,39592
386,2023-05-19,1332,Product_1358,Robotics,84,622,34,Customer_232,Automotive,China,North America,794,52248,-14448
2884,2023-05-19,1350,Product_1450,Sensor,19,563,91,Customer_48,Automotive,China,Europe,664,10697,-1919
8820,2023-05-19,1026,Product_1022,Microchip,47,966,402,Customer_177,Consumer Electronics,Japan,Asia-Pacific,227,45402,34733
8283,2023-05-19,1091,Product_1155,Sensor,47,826,15,Customer_1,Industrial,China,Asia-Pacific,377,38822,21103
1667,2023-05-20,1196,Product_1123,Sensor,52,450,399,Customer_30,Consumer Electronics,South Korea,Asia-Pacific,141,23400,16068
7803,2023-05-20,1068,Product_1056,Sensor,89,450,256,Customer_198,Automotive,Germany,Asia-Pacific,308,40050,12638
7315,2023-05-20,1180,Product_1275,Robotics,18,484,230,Customer_422,Automotive,USA,Europe,228,8712,4608
9494,2023-05-20,1193,Product_1071,Sensor,63,153,314,Customer_22,Automotive,Germany,North America,365,9639,-13356
7841,2023-05-20,1322,Product_1114,Microchip,23,982,465,Customer_14,Automotive,Japan,North America,283,22586,16077
2496,2023-05-20,1144,Product_1113,Microchip,23,824,419,Customer_6,Industrial,Germany,Europe,367,18952,10511
712,2023-05-20,1064,Product_1054,Microchip,79,329,249,Customer_105,Industrial,South Korea,Asia-Pacific,168,25991,12719
4209,2023-05-20,1254,Product_1431,Robotics,47,855,357,Customer_95,Automotive,Germany,Asia-Pacific,403,40185,21244
1303,2023-05-20,1441,Product_1116,Sensor,60,198,117,Customer_297,Consumer Electronics,Japan,Europe,745,11880,-32820
1743,2023-05-20,1271,Product_1357,Sensor,61,876,89,Customer_332,Industrial,Japan,North America,632,53436,14884
14,2023-05-20,1348,Product_1077,Robotics,21,107,193,Customer_86,Automotive,South Korea,Asia-Pacific,758,2247,-13671
6545,2023-05-20,1174,Product_1230,Microchip,74,255,438,Customer_231,Automotive,South Korea,North America,432,18870,-13098
1740,2023-05-20,1087,Product_1269,Microchip,40,773,345,Customer_145,Industrial,Japan,Europe,41,30920,29280
6301,2023-05-20,1432,Product_1284,Sensor,78,328,438,Customer_382,Automotive,Germany,Europe,532,25584,-15912
8517,2023-05-20,1005,Product_1329,Robotics,23,496,5,Customer_435,Industrial,Japan,Asia-Pacific,526,11408,-690
578,2023-05-20,1035,Product_1187,Sensor,71,445,384,Customer_394,Automotive,Germany,North America,484,31595,-2769
7554,2023-05-20,1468,Product_1389,Sensor,66,419,88,Customer_308,Consumer Electronics,China,North America,733,27654,-20724
2910,2023-05-20,1471,Product_1092,Sensor,51,563,31,Customer_471,Industrial,Japan,North America,710,28713,-7497
7052,2023-05-20,1249,Product_1259,Microchip,85,858,474,Customer_164,Consumer Electronics,Japan,Asia-Pacific,405,72930,38505
5124,2023-05-20,1086,Product_1410,Robotics,73,852,338,Customer_407,Automotive,USA,Asia-Pacific,182,62196,48910
2669,2023-05-20,1154,Product_1261,Microchip,37,649,264,Customer_173,Industrial,China,Europe,760,24013,-4107
8473,2023-05-20,1299,Product_1029,Robotics,77,581,63,Customer_321,Automotive,China,Asia-Pacific,576,44737,385
5946,2023-05-20,1356,Product_1478,Sensor,8,872,80,Customer_116,Industrial,China,North America,342,6976,4240
2207,2023-05-20,1183,Product_1452,Robotics,20,880,271,Customer_97,Consumer Electronics,Japan,Europe,80,17600,16000
4443,2023-05-21,1139,Product_1054,Robotics,14,196,234,Customer_421,Automotive,Germany,Europe,229,2744,-462
3857,2023-05-21,1246,Product_1330,Sensor,98,409,369,Customer_46,Industrial,Japan,Asia-Pacific,736,40082,-32046
6636,2023-05-21,1348,Product_1297,Robotics,43,570,477,Customer_171,Consumer Electronics,USA,North America,66,24510,21672
717,2023-05-21,1425,Product_1178,Microchip,44,269,66,Customer_113,Automotive,USA,Asia-Pacific,239,11836,1320
9068,2023-05-21,1273,Product_1261,Robotics,33,135,73,Customer_199,Industrial,South Korea,Asia-Pacific,120,4455,495
2745,2023-05-21,1156,Product_1442,Robotics,10,137,321,Customer_340,Consumer Electronics,Japan,Asia-Pacific,482,1370,-3450
1961,2023-05-21,1157,Product_1148,Microchip,54,789,150,Customer_73,Consumer Electronics,USA,Europe,93,42606,37584
9109,2023-05-21,1326,Product_1336,Sensor,6,369,122,Customer_453,Consumer Electronics,South Korea,Asia-Pacific,434,2214,-390
3286,2023-05-21,1016,Product_1137,Sensor,46,521,56,Customer_327,Industrial,Japan,Asia-Pacific,395,23966,5796
6591,2023-05-21,1251,Product_1114,Microchip,18,105,418,Customer_204,Industrial,Japan,North America,449,1890,-6192
4410,2023-05-21,1175,Product_1202,Microchip,85,245,91,Customer_494,Industrial,Japan,Asia-Pacific,682,20825,-37145
5349,2023-05-21,1423,Product_1256,Robotics,51,872,129,Customer_492,Industrial,USA,Europe,225,44472,32997
7155,2023-05-21,1332,Product_1304,Microchip,71,91,190,Customer_174,Industrial,South Korea,Europe,547,6461,-32376
793,2023-05-21,1416,Product_1451,Sensor,48,995,446,Customer_128,Automotive,Japan,Asia-Pacific,562,47760,20784
2380,2023-05-21,1479,Product_1435,Sensor,74,519,437,Customer_398,Industrial,Germany,North America,8,38406,37814
4824,2023-05-21,1177,Product_1282,Robotics,54,161,256,Customer_228,Automotive,China,North America,393,8694,-12528
899,2023-05-21,1144,Product_1080,Robotics,31,495,388,Customer_184,Automotive,USA,North America,162,15345,10323
5325,2023-05-21,1214,Product_1421,Sensor,90,210,100,Customer_119,Industrial,Germany,Asia-Pacific,733,18900,-47070
9582,2023-05-21,1441,Product_1035,Robotics,13,363,63,Customer_204,Consumer Electronics,Germany,Europe,655,4719,-3796
7265,2023-05-21,1111,Product_1436,Sensor,20,593,226,Customer_385,Consumer Electronics,South Korea,North America,471,11860,2440
503,2023-05-21,1262,Product_1147,Sensor,84,756,388,Customer_368,Industrial,China,Europe,138,63504,51912
9757,2023-05-21,1191,Product_1016,Robotics,66,948,201,Customer_205,Automotive,China,Asia-Pacific,356,62568,39072
3356,2023-05-21,1482,Product_1358,Microchip,17,284,332,Customer_183,Automotive,USA,Asia-Pacific,757,4828,-8041
4691,2023-05-22,1368,Product_1214,Robotics,50,744,257,Customer_223,Consumer Electronics,Germany,North America,167,37200,28850
8893,2023-05-22,1322,Product_1106,Robotics,62,440,464,Customer_412,Consumer Electronics,Japan,North America,321,27280,7378
4864,2023-05-22,1255,Product_1175,Sensor,20,600,362,Customer_471,Consumer Electronics,Japan,North America,759,12000,-3180
6050,2023-05-22,1483,Product_1446,Sensor,19,572,436,Customer_403,Consumer Electronics,South Korea,North America,344,10868,4332
3352,2023-05-22,1094,Product_1042,Microchip,21,889,34,Customer_44,Industrial,USA,North America,108,18669,16401
6325,2023-05-22,1298,Product_1399,Microchip,49,725,44,Customer_450,Industrial,USA,Europe,42,35525,33467
2829,2023-05-22,1081,Product_1159,Sensor,60,968,58,Customer_475,Industrial,Japan,North America,501,58080,28020
5268,2023-05-22,1179,Product_1116,Robotics,88,355,390,Customer_239,Consumer Electronics,South Korea,Europe,156,31240,17512
9955,2023-05-22,1208,Product_1127,Sensor,46,233,219,Customer_219,Industrial,Germany,North America,676,10718,-20378
6550,2023-05-22,1069,Product_1069,Sensor,3,703,437,Customer_354,Automotive,Japan,Europe,199,2109,1512
2501,2023-05-22,1180,Product_1074,Microchip,98,785,265,Customer_350,Consumer Electronics,Japan,North America,70,76930,70070
8115,2023-05-22,1279,Product_1098,Sensor,17,54,172,Customer_495,Consumer Electronics,Germany,North America,24,918,510
3826,2023-05-22,1285,Product_1110,Microchip,77,898,23,Customer_295,Industrial,South Korea,Asia-Pacific,128,69146,59290
274,2023-05-22,1314,Product_1078,Sensor,14,719,197,Customer_282,Industrial,USA,Europe,602,10066,1638
134,2023-05-22,1244,Product_1327,Robotics,85,615,270,Customer_367,Automotive,USA,Europe,716,52275,-8585
4453,2023-05-22,1020,Product_1065,Microchip,99,394,51,Customer_151,Industrial,USA,Europe,769,39006,-37125
5237,2023-05-22,1368,Product_1286,Sensor,27,363,382,Customer_93,Consumer Electronics,USA,Europe,206,9801,4239
4490,2023-05-22,1293,Product_1272,Microchip,93,445,108,Customer_222,Industrial,Germany,North America,582,41385,-12741
606,2023-05-22,1425,Product_1088,Sensor,8,272,208,Customer_489,Industrial,Japan,Asia-Pacific,769,2176,-3976
4192,2023-05-22,1124,Product_1474,Sensor,3,828,286,Customer_299,Consumer Electronics,USA,North America,14,2484,2442
9283,2023-05-22,1012,Product_1215,Sensor,52,70,86,Customer_83,Industrial,USA,North America,156,3640,-4472
5108,2023-05-22,1134,Product_1452,Sensor,19,358,205,Customer_189,Automotive,Japan,North America,60,6802,5662
7808,2023-05-22,1154,Product_1500,Microchip,21,859,207,Customer_296,Automotive,China,Asia-Pacific,502,18039,7497
6929,2023-05-22,1468,Product_1161,Sensor,47,227,265,Customer_350,Industrial,Japan,Asia-Pacific,439,10669,-9964
7207,2023-05-22,1262,Product_1281,Sensor,42,578,392,Customer_361,Consumer Electronics,Germany,North America,517,24276,2562
4961,2023-05-22,1403,Product_1450,Microchip,16,120,469,Customer_291,Consumer Electronics,Germany,Europe,252,1920,-2112
8685,2023-05-22,1376,Product_1434,Sensor,93,70,88,Customer_105,Automotive,South Korea,North America,619,6510,-51057
1792,2023-05-22,1043,Product_1401,Sensor,3,58,361,Customer_17,Automotive,China,Asia-Pacific,496,174,-1314
8864,2023-05-22,1126,Product_1079,Robotics,16,864,330,Customer_21,Consumer Electronics,South Korea,North America,233,13824,10096
3076,2023-05-22,1310,Product_1122,Sensor,76,874,178,Customer_233,Automotive,Germany,North America,660,66424,16264
7982,2023-05-22,1067,Product_1290,Robotics,42,276,438,Customer_217,Consumer Electronics,USA,Asia-Pacific,226,11592,2100
6333,2023-05-22,1096,Product_1032,Microchip,21,383,224,Customer_330,Consumer Electronics,South Korea,Asia-Pacific,500,8043,-2457
7920,2023-05-22,1151,Product_1459,Sensor,85,338,414,Customer_431,Automotive,China,Asia-Pacific,231,28730,9095
7145,2023-05-23,1072,Product_1168,Microchip,81,332,365,Customer_422,Automotive,China,Asia-Pacific,11,26892,26001
8476,2023-05-23,1141,Product_1147,Sensor,91,103,133,Customer_417,Consumer Electronics,China,North America,499,9373,-36036
659,2023-05-23,1039,Product_1197,Sensor,52,708,415,Customer_484,Consumer Electronics,Japan,Asia-Pacific,384,36816,16848
1707,2023-05-23,1449,Product_1331,Robotics,85,317,409,Customer_460,Consumer Electronics,China,Asia-Pacific,632,26945,-26775
1114,2023-05-23,1208,Product_1183,Microchip,71,970,306,Customer_162,Consumer Electronics,USA,North America,186,68870,55664
7342,2023-05-23,1351,Product_1162,Sensor,34,434,475,Customer_151,Consumer Electronics,Germany,Asia-Pacific,609,14756,-5950
2149,2023-05-23,1262,Product_1200,Sensor,15,151,321,Customer_205,Automotive,Japan,North America,301,2265,-2250
1788,2023-05-23,1145,Product_1099,Sensor,95,503,268,Customer_308,Industrial,Japan,North America,68,47785,41325
26,2023-05-23,1235,Product_1437,Robotics,29,728,60,Customer_388,Consumer Electronics,USA,Europe,480,21112,7192
2577,2023-05-23,1238,Product_1058,Robotics,3,875,186,Customer_345,Consumer Electronics,Germany,North America,51,2625,2472
5957,2023-05-23,1127,Product_1315,Robotics,38,932,140,Customer_483,Industrial,China,Asia-Pacific,247,35416,26030
2185,2023-05-23,1167,Product_1192,Robotics,69,107,94,Customer_386,Industrial,Germany,North America,87,7383,1380
8240,2023-05-23,1029,Product_1009,Microchip,81,873,292,Customer_399,Industrial,China,Asia-Pacific,752,70713,9801
7149,2023-05-23,1183,Product_1300,Robotics,26,974,142,Customer_153,Consumer Electronics,South Korea,Europe,712,25324,6812
4242,2023-05-23,1236,Product_1154,Sensor,59,113,304,Customer_383,Automotive,South Korea,North America,376,6667,-15517
9055,2023-05-23,1047,Product_1099,Sensor,52,222,359,Customer_316,Industrial,South Korea,North America,413,11544,-9932
1694,2023-05-23,1330,Product_1298,Robotics,19,63,67,Customer_214,Automotive,South Korea,Europe,647,1197,-11096
6868,2023-05-23,1470,Product_1288,Robotics,51,85,409,Customer_431,Consumer Electronics,Japan,North America,507,4335,-21522
8506,2023-05-23,1283,Product_1096,Robotics,66,290,429,Customer_152,Automotive,China,Asia-Pacific,289,19140,66
2268,2023-05-23,1118,Product_1337,Microchip,84,833,457,Customer_35,Industrial,Japan,North America,754,69972,6636
3980,2023-05-23,1027,Product_1082,Microchip,22,259,3,Customer_319,Industrial,Japan,North America,663,5698,-8888
1921,2023-05-23,1026,Product_1295,Robotics,28,517,15,Customer_189,Consumer Electronics,Japan,Europe,574,14476,-1596
4664,2023-05-23,1446,Product_1349,Microchip,88,79,450,Customer_402,Automotive,USA,Asia-Pacific,379,6952,-26400
1080,2023-05-23,1370,Product_1415,Microchip,91,538,343,Customer_18,Automotive,Japan,Europe,632,48958,-8554
8725,2023-05-23,1347,Product_1260,Microchip,72,790,199,Customer_11,Automotive,USA,Europe,365,56880,30600
6558,2023-05-23,1275,Product_1472,Robotics,87,701,399,Customer_244,Consumer Electronics,China,North America,537,60987,14268
1929,2023-05-24,1264,Product_1337,Sensor,41,530,196,Customer_122,Consumer Electronics,Japan,Asia-Pacific,710,21730,-7380
148,2023-05-24,1369,Product_1157,Microchip,68,74,250,Customer_259,Consumer Electronics,China,Asia-Pacific,180,5032,-7208
5493,2023-05-24,1010,Product_1238,Sensor,6,762,90,Customer_161,Automotive,USA,North America,244,4572,3108
1580,2023-05-24,1285,Product_1002,Sensor,97,478,360,Customer_231,Consumer Electronics,Germany,Asia-Pacific,738,46366,-25220
8664,2023-05-24,1424,Product_1262,Robotics,84,582,444,Customer_51,Automotive,South Korea,North America,503,48888,6636
1798,2023-05-24,1408,Product_1186,Sensor,64,42,200,Customer_131,Industrial,Germany,Asia-Pacific,43,2688,-64
54,2023-05-24,1363,Product_1356,Microchip,4,942,248,Customer_492,Industrial,Japan,Europe,286,3768,2624
8873,2023-05-24,1108,Product_1353,Sensor,3,586,254,Customer_184,Consumer Electronics,Japan,Asia-Pacific,772,1758,-558
140,2023-05-24,1307,Product_1327,Sensor,34,352,246,Customer_460,Consumer Electronics,Germany,Europe,339,11968,442
9059,2023-05-24,1044,Product_1415,Microchip,22,667,236,Customer_331,Consumer Electronics,USA,North America,53,14674,13508
1033,2023-05-24,1072,Product_1194,Sensor,35,498,348,Customer_292,Automotive,China,Asia-Pacific,455,17430,1505
980,2023-05-24,1026,Product_1214,Robotics,42,366,181,Customer_293,Automotive,USA,Europe,766,15372,-16800
2651,2023-05-24,1259,Product_1423,Sensor,16,147,120,Customer_342,Industrial,Japan,Europe,155,2352,-128
3435,2023-05-24,1426,Product_1374,Sensor,49,369,150,Customer_477,Automotive,China,North America,404,18081,-1715
4879,2023-05-24,1099,Product_1368,Sensor,41,881,147,Customer_485,Industrial,USA,Asia-Pacific,65,36121,33456
8013,2023-05-24,1362,Product_1220,Sensor,4,653,292,Customer_271,Consumer Electronics,Germany,North America,610,2612,172
5339,2023-05-24,1156,Product_1348,Sensor,1,821,422,Customer_248,Industrial,USA,Asia-Pacific,701,821,120
5723,2023-05-24,1461,Product_1410,Sensor,14,964,14,Customer_461,Automotive,South Korea,Europe,195,13496,10766
6172,2023-05-24,1174,Product_1493,Microchip,3,58,338,Customer_336,Consumer Electronics,Japan,Asia-Pacific,254,174,-588
9215,2023-05-24,1496,Product_1374,Microchip,45,793,28,Customer_208,Automotive,Japan,North America,710,35685,3735
5657,2023-05-24,1029,Product_1074,Microchip,11,524,115,Customer_216,Consumer Electronics,USA,North America,533,5764,-99
6826,2023-05-24,1172,Product_1063,Microchip,12,665,414,Customer_325,Industrial,Germany,Asia-Pacific,728,7980,-756
7896,2023-05-24,1467,Product_1101,Microchip,45,89,188,Customer_184,Consumer Electronics,China,North America,518,4005,-19305
8075,2023-05-24,1018,Product_1260,Sensor,53,37,290,Customer_312,Industrial,Germany,Europe,331,1961,-15582
6763,2023-05-25,1409,Product_1151,Sensor,81,102,465,Customer_444,Consumer Electronics,South Korea,North America,249,8262,-11907
6847,2023-05-25,1429,Product_1104,Sensor,68,443,278,Customer_257,Industrial,China,North America,586,30124,-9724
4273,2023-05-25,1239,Product_1451,Robotics,34,214,143,Customer_400,Automotive,Germany,North America,39,7276,5950
4554,2023-05-25,1009,Product_1476,Microchip,22,176,364,Customer_162,Industrial,South Korea,Asia-Pacific,497,3872,-7062
961,2023-05-25,1070,Product_1394,Robotics,44,376,170,Customer_118,Industrial,China,Asia-Pacific,261,16544,5060
3646,2023-05-25,1091,Product_1464,Sensor,54,253,338,Customer_198,Consumer Electronics,South Korea,North America,45,13662,11232
6626,2023-05-25,1324,Product_1239,Microchip,31,808,53,Customer_231,Industrial,Germany,Europe,283,25048,16275
7234,2023-05-25,1215,Product_1386,Robotics,33,839,499,Customer_155,Automotive,USA,Asia-Pacific,72,27687,25311
2236,2023-05-25,1414,Product_1431,Robotics,3,329,78,Customer_325,Consumer Electronics,USA,Europe,124,987,615
1749,2023-05-25,1015,Product_1457,Sensor,69,93,123,Customer_442,Automotive,South Korea,Europe,205,6417,-7728
1761,2023-05-25,1277,Product_1060,Microchip,15,710,202,Customer_155,Automotive,Germany,North America,632,10650,1170
9195,2023-05-25,1355,Product_1480,Sensor,62,329,8,Customer_440,Consumer Electronics,China,Asia-Pacific,671,20398,-21204
7698,2023-05-25,1373,Product_1205,Microchip,80,203,385,Customer_421,Automotive,South Korea,North America,452,16240,-19920
9771,2023-05-25,1180,Product_1242,Microchip,77,937,428,Customer_278,Automotive,South Korea,Asia-Pacific,458,72149,36883
9269,2023-05-25,1444,Product_1217,Sensor,10,953,55,Customer_358,Automotive,South Korea,North America,562,9530,3910
6788,2023-05-25,1467,Product_1023,Microchip,59,43,69,Customer_321,Consumer Electronics,South Korea,Europe,660,2537,-36403
1602,2023-05-25,1257,Product_1252,Sensor,56,244,442,Customer_400,Consumer Electronics,Japan,North America,674,13664,-24080
5907,2023-05-25,1485,Product_1328,Robotics,34,224,68,Customer_38,Industrial,Japan,Asia-Pacific,623,7616,-13566
7796,2023-05-25,1163,Product_1433,Robotics,3,448,61,Customer_421,Consumer Electronics,China,Europe,355,1344,279
2047,2023-05-25,1485,Product_1396,Microchip,99,162,184,Customer_15,Automotive,South Korea,North America,62,16038,9900
3669,2023-05-25,1277,Product_1259,Sensor,3,879,288,Customer_345,Consumer Electronics,Germany,North America,39,2637,2520
7548,2023-05-25,1328,Product_1060,Microchip,33,721,331,Customer_369,Automotive,China,North America,643,23793,2574
6990,2023-05-25,1342,Product_1271,Sensor,34,507,438,Customer_322,Automotive,USA,Asia-Pacific,141,17238,12444
4944,2023-05-25,1445,Product_1456,Robotics,33,238,119,Customer_157,Industrial,USA,North America,27,7854,6963
8987,2023-05-25,1451,Product_1019,Sensor,99,182,294,Customer_457,Consumer Electronics,Japan,Europe,365,18018,-18117
9570,2023-05-25,1210,Product_1227,Sensor,81,706,385,Customer_269,Industrial,China,North America,71,57186,51435
4646,2023-05-26,1088,Product_1230,Robotics,99,248,27,Customer_411,Consumer Electronics,USA,North America,414,24552,-16434
2767,2023-05-26,1252,Product_1137,Robotics,82,55,329,Customer_404,Consumer Electronics,South Korea,Asia-Pacific,479,4510,-34768
8606,2023-05-26,1258,Product_1451,Robotics,39,82,351,Customer_87,Industrial,China,Europe,598,3198,-20124
5373,2023-05-26,1379,Product_1269,Robotics,14,630,264,Customer_156,Automotive,Germany,Asia-Pacific,300,8820,4620
7390,2023-05-26,1323,Product_1130,Sensor,45,78,157,Customer_422,Consumer Electronics,Germany,Asia-Pacific,112,3510,-1530
3996,2023-05-26,1292,Product_1212,Microchip,72,811,334,Customer_222,Consumer Electronics,China,Asia-Pacific,512,58392,21528
9349,2023-05-26,1459,Product_1193,Sensor,56,840,371,Customer_30,Automotive,Germany,Asia-Pacific,611,47040,12824
833,2023-05-26,1315,Product_1403,Robotics,46,967,154,Customer_461,Industrial,South Korea,North America,28,44482,43194
4303,2023-05-26,1049,Product_1045,Robotics,13,975,238,Customer_378,Consumer Electronics,China,Asia-Pacific,40,12675,12155
4625,2023-05-26,1274,Product_1132,Microchip,4,427,24,Customer_460,Consumer Electronics,USA,Europe,337,1708,360
3512,2023-05-26,1427,Product_1494,Robotics,92,987,104,Customer_272,Consumer Electronics,USA,Europe,39,90804,87216
8668,2023-05-26,1089,Product_1241,Sensor,30,445,392,Customer_65,Consumer Electronics,China,Europe,190,13350,7650
2929,2023-05-26,1068,Product_1027,Microchip,17,889,23,Customer_288,Industrial,Japan,North America,590,15113,5083
9284,2023-05-26,1108,Product_1277,Robotics,38,849,81,Customer_79,Automotive,Germany,North America,11,32262,31844
113,2023-05-26,1035,Product_1344,Microchip,94,595,450,Customer_58,Industrial,South Korea,Asia-Pacific,353,55930,22748
7306,2023-05-26,1101,Product_1099,Sensor,94,206,187,Customer_79,Automotive,Germany,Europe,6,19364,18800
7296,2023-05-26,1415,Product_1325,Microchip,57,375,174,Customer_393,Automotive,South Korea,Europe,321,21375,3078
4361,2023-05-26,1212,Product_1063,Sensor,69,241,314,Customer_426,Industrial,Germany,Europe,592,16629,-24219
479,2023-05-26,1136,Product_1212,Microchip,35,686,277,Customer_397,Industrial,China,Europe,76,24010,21350
8392,2023-05-26,1025,Product_1387,Robotics,26,194,290,Customer_230,Consumer Electronics,Japan,Asia-Pacific,622,5044,-11128
7308,2023-05-26,1128,Product_1062,Robotics,96,775,131,Customer_13,Industrial,Japan,Europe,734,74400,3936
4729,2023-05-26,1224,Product_1341,Robotics,70,779,115,Customer_433,Industrial,China,North America,632,54530,10290
4400,2023-05-26,1061,Product_1218,Robotics,11,771,421,Customer_111,Consumer Electronics,South Korea,Asia-Pacific,164,8481,6677
2699,2023-05-26,1059,Product_1177,Robotics,74,221,15,Customer_299,Industrial,China,Europe,790,16354,-42106
5281,2023-05-26,1029,Product_1054,Sensor,28,161,373,Customer_301,Automotive,China,North America,40,4508,3388
6480,2023-05-26,1088,Product_1247,Sensor,14,846,166,Customer_211,Industrial,China,Europe,196,11844,9100
9460,2023-05-26,1437,Product_1498,Sensor,29,362,296,Customer_26,Consumer Electronics,China,Europe,715,10498,-10237
1813,2023-05-26,1059,Product_1220,Robotics,48,724,17,Customer_380,Industrial,USA,North America,356,34752,17664
359,2023-05-26,1180,Product_1020,Robotics,42,25,153,Customer_475,Consumer Electronics,China,Europe,222,1050,-8274
2665,2023-05-27,1302,Product_1013,Robotics,95,236,218,Customer_483,Industrial,South Korea,Europe,352,22420,-11020
2883,2023-05-27,1050,Product_1401,Robotics,53,280,164,Customer_227,Automotive,Japan,Europe,776,14840,-26288
5663,2023-05-27,1009,Product_1303,Robotics,10,550,266,Customer_464,Industrial,China,Europe,761,5500,-2110
204,2023-05-27,1019,Product_1113,Microchip,51,626,343,Customer_156,Automotive,Japan,Europe,795,31926,-8619
985,2023-05-27,1184,Product_1127,Microchip,13,830,123,Customer_45,Industrial,South Korea,Europe,597,10790,3029
4198,2023-05-27,1052,Product_1405,Sensor,48,428,410,Customer_411,Automotive,South Korea,Europe,39,20544,18672
1239,2023-05-27,1064,Product_1118,Sensor,11,425,446,Customer_72,Automotive,Germany,Europe,105,4675,3520
1955,2023-05-27,1076,Product_1155,Robotics,63,566,51,Customer_28,Consumer Electronics,Japan,North America,86,35658,30240
5400,2023-05-27,1251,Product_1029,Robotics,29,569,215,Customer_300,Industrial,South Korea,North America,262,16501,8903
8594,2023-05-27,1416,Product_1134,Microchip,16,964,113,Customer_479,Consumer Electronics,South Korea,Asia-Pacific,694,15424,4320
9074,2023-05-27,1305,Product_1305,Robotics,91,793,427,Customer_196,Automotive,Japan,North America,465,72163,29848
9910,2023-05-27,1034,Product_1264,Microchip,23,447,336,Customer_42,Consumer Electronics,Germany,North America,503,10281,-1288
3027,2023-05-27,1356,Product_1200,Robotics,80,550,391,Customer_220,Consumer Electronics,Germany,Europe,230,44000,25600
6394,2023-05-27,1111,Product_1299,Robotics,53,677,114,Customer_213,Industrial,South Korea,Asia-Pacific,665,35881,636
2015,2023-05-27,1208,Product_1391,Microchip,67,837,144,Customer_373,Automotive,Japan,Europe,751,56079,5762
270,2023-05-27,1378,Product_1395,Sensor,52,211,160,Customer_350,Industrial,USA,Asia-Pacific,8,10972,10556
794,2023-05-27,1230,Product_1072,Sensor,32,36,187,Customer_128,Industrial,Germany,Asia-Pacific,664,1152,-20096
3092,2023-05-27,1160,Product_1337,Sensor,67,583,152,Customer_358,Industrial,Japan,Europe,288,39061,19765
6504,2023-05-27,1425,Product_1020,Robotics,6,316,448,Customer_102,Consumer Electronics,China,Europe,600,1896,-1704
6575,2023-05-27,1453,Product_1132,Microchip,5,159,256,Customer_19,Industrial,China,Europe,427,795,-1340
4275,2023-05-27,1177,Product_1471,Microchip,66,944,83,Customer_44,Automotive,Germany,Europe,309,62304,41910
8580,2023-05-27,1227,Product_1036,Microchip,19,522,450,Customer_70,Industrial,USA,North America,87,9918,8265
5010,2023-05-27,1073,Product_1336,Microchip,12,986,28,Customer_108,Consumer Electronics,China,Europe,709,11832,3324
627,2023-05-27,1245,Product_1053,Sensor,81,519,402,Customer_180,Automotive,China,Europe,681,42039,-13122
7874,2023-05-27,1127,Product_1091,Sensor,1,978,270,Customer_256,Industrial,Germany,Asia-Pacific,776,978,202
7409,2023-05-27,1425,Product_1128,Microchip,96,396,9,Customer_83,Industrial,Germany,North America,287,38016,10464
5554,2023-05-27,1241,Product_1225,Microchip,63,257,361,Customer_291,Industrial,South Korea,North America,387,16191,-8190
6964,2023-05-28,1079,Product_1338,Microchip,2,652,154,Customer_327,Consumer Electronics,Germany,North America,6,1304,1292
5682,2023-05-28,1081,Product_1080,Microchip,48,352,205,Customer_255,Industrial,Germany,Europe,56,16896,14208
1175,2023-05-28,1140,Product_1242,Sensor,49,30,318,Customer_435,Industrial,South Korea,Europe,86,1470,-2744
8991,2023-05-28,1120,Product_1365,Microchip,23,49,269,Customer_84,Consumer Electronics,Japan,Europe,698,1127,-14927
4934,2023-05-28,1362,Product_1359,Microchip,11,697,393,Customer_312,Automotive,South Korea,North America,446,7667,2761
180,2023-05-28,1468,Product_1101,Robotics,81,493,229,Customer_379,Industrial,USA,North America,563,39933,-5670
3013,2023-05-28,1274,Product_1259,Robotics,11,656,204,Customer_330,Industrial,USA,North America,306,7216,3850
4278,2023-05-28,1271,Product_1336,Sensor,39,537,477,Customer_144,Automotive,China,North America,23,20943,20046
2064,2023-05-28,1173,Product_1229,Robotics,44,199,312,Customer_337,Automotive,Germany,North America,629,8756,-18920
4091,2023-05-28,1453,Product_1346,Microchip,50,885,488,Customer_472,Automotive,USA,North America,678,44250,10350
1058,2023-05-28,1153,Product_1153,Robotics,51,501,68,Customer_419,Automotive,USA,North America,183,25551,16218
4739,2023-05-28,1232,Product_1285,Robotics,43,510,451,Customer_111,Industrial,Germany,Asia-Pacific,525,21930,-645
3932,2023-05-28,1289,Product_1322,Robotics,43,402,327,Customer_26,Automotive,Germany,Europe,75,17286,14061
3402,2023-05-28,1027,Product_1365,Microchip,45,519,60,Customer_89,Industrial,Germany,Asia-Pacific,631,23355,-5040
8257,2023-05-28,1138,Product_1436,Microchip,18,793,75,Customer_263,Industrial,China,North America,265,14274,9504
3028,2023-05-28,1019,Product_1006,Microchip,65,467,463,Customer_368,Automotive,USA,Europe,443,30355,1560
4806,2023-05-28,1340,Product_1289,Robotics,78,315,414,Customer_479,Automotive,USA,Asia-Pacific,768,24570,-35334
8590,2023-05-28,1270,Product_1436,Sensor,49,863,492,Customer_214,Consumer Electronics,South Korea,Asia-Pacific,40,42287,40327
3519,2023-05-28,1335,Product_1379,Sensor,3,98,220,Customer_405,Consumer Electronics,South Korea,Asia-Pacific,725,294,-1881
7046,2023-05-28,1028,Product_1274,Robotics,29,544,125,Customer_236,Automotive,Japan,North America,89,15776,13195
2533,2023-05-28,1167,Product_1340,Robotics,32,272,489,Customer_260,Consumer Electronics,Germany,Europe,658,8704,-12352
9214,2023-05-28,1223,Product_1147,Microchip,77,985,139,Customer_434,Automotive,South Korea,Europe,229,75845,58212
6610,2023-05-28,1096,Product_1047,Robotics,47,967,498,Customer_375,Industrial,China,Europe,309,45449,30926
5125,2023-05-28,1250,Product_1119,Sensor,94,201,67,Customer_450,Consumer Electronics,China,North America,219,18894,-1692
7268,2023-05-28,1188,Product_1345,Microchip,29,414,420,Customer_212,Automotive,USA,Europe,733,12006,-9251
9108,2023-05-28,1334,Product_1136,Microchip,4,965,182,Customer_159,Industrial,China,Asia-Pacific,316,3860,2596
6104,2023-05-28,1485,Product_1304,Robotics,85,261,462,Customer_186,Consumer Electronics,USA,North America,86,22185,14875
7557,2023-05-28,1035,Product_1385,Robotics,48,313,212,Customer_495,Industrial,Japan,North America,340,15024,-1296
827,2023-05-29,1224,Product_1465,Robotics,87,857,75,Customer_428,Automotive,Germany,North America,551,74559,26622
4692,2023-05-29,1224,Product_1396,Robotics,59,62,300,Customer_234,Industrial,Japan,North America,642,3658,-34220
2480,2023-05-29,1481,Product_1222,Sensor,13,765,27,Customer_296,Automotive,Japan,Asia-Pacific,672,9945,1209
5331,2023-05-29,1207,Product_1264,Robotics,72,104,294,Customer_121,Industrial,Japan,North America,43,7488,4392
7408,2023-05-29,1340,Product_1045,Sensor,80,72,76,Customer_307,Industrial,Germany,North America,467,5760,-31600
5028,2023-05-29,1435,Product_1363,Microchip,7,94,431,Customer_61,Automotive,Germany,Asia-Pacific,762,658,-4676
7666,2023-05-29,1348,Product_1188,Microchip,40,620,363,Customer_130,Automotive,China,North America,87,24800,21320
6588,2023-05-29,1168,Product_1167,Sensor,93,751,33,Customer_411,Consumer Electronics,South Korea,Europe,24,69843,67611
9106,2023-05-29,1033,Product_1145,Robotics,3,769,490,Customer_474,Automotive,China,Asia-Pacific,33,2307,2208
1856,2023-05-29,1257,Product_1310,Robotics,16,186,493,Customer_389,Automotive,USA,Asia-Pacific,395,2976,-3344
3381,2023-05-29,1113,Product_1345,Robotics,82,278,151,Customer_114,Consumer Electronics,Germany,Europe,500,22796,-18204
4683,2023-05-29,1336,Product_1269,Microchip,55,263,4,Customer_167,Automotive,South Korea,North America,498,14465,-12925
9616,2023-05-29,1317,Product_1066,Robotics,62,685,478,Customer_217,Automotive,South Korea,Asia-Pacific,248,42470,27094
8809,2023-05-29,1086,Product_1422,Robotics,38,513,309,Customer_495,Consumer Electronics,China,Asia-Pacific,28,19494,18430
8314,2023-05-29,1090,Product_1135,Sensor,64,686,175,Customer_303,Consumer Electronics,Japan,North America,565,43904,7744
6051,2023-05-29,1079,Product_1107,Sensor,89,222,440,Customer_444,Industrial,China,Asia-Pacific,228,19758,-534
7393,2023-05-29,1265,Product_1043,Sensor,81,877,104,Customer_376,Consumer Electronics,South Korea,Europe,668,71037,16929
61,2023-05-29,1463,Product_1199,Microchip,63,691,452,Customer_202,Industrial,Japan,Asia-Pacific,246,43533,28035
2638,2023-05-29,1141,Product_1052,Robotics,57,272,104,Customer_495,Industrial,China,Europe,491,15504,-12483
1638,2023-05-29,1109,Product_1141,Microchip,92,806,119,Customer_459,Consumer Electronics,China,Asia-Pacific,198,74152,55936
7705,2023-05-29,1288,Product_1293,Microchip,60,441,53,Customer_97,Industrial,USA,Asia-Pacific,617,26460,-10560
3281,2023-05-29,1302,Product_1001,Robotics,83,605,144,Customer_269,Consumer Electronics,China,Asia-Pacific,423,50215,15106
5275,2023-05-29,1384,Product_1112,Sensor,91,239,455,Customer_152,Automotive,China,North America,286,21749,-4277
5623,2023-05-30,1194,Product_1474,Microchip,74,415,25,Customer_225,Industrial,China,Asia-Pacific,237,30710,13172
5379,2023-05-30,1448,Product_1430,Robotics,42,579,136,Customer_328,Automotive,South Korea,Europe,179,24318,16800
8309,2023-05-30,1108,Product_1148,Robotics,36,200,6,Customer_223,Industrial,Germany,North America,675,7200,-17100
9915,2023-05-30,1089,Product_1034,Microchip,36,822,143,Customer_361,Automotive,China,Asia-Pacific,256,29592,20376
7863,2023-05-30,1475,Product_1128,Robotics,15,343,394,Customer_23,Industrial,China,North America,339,5145,60
92,2023-05-30,1167,Product_1365,Microchip,23,25,52,Customer_329,Automotive,China,North America,67,575,-966
3175,2023-05-30,1002,Product_1435,Sensor,62,767,360,Customer_119,Automotive,Germany,Europe,564,47554,12586
3608,2023-05-30,1153,Product_1001,Robotics,23,709,450,Customer_397,Consumer Electronics,USA,Asia-Pacific,72,16307,14651
6037,2023-05-30,1122,Product_1259,Sensor,6,89,189,Customer_174,Automotive,China,North America,299,534,-1260
8755,2023-05-30,1293,Product_1448,Microchip,47,39,303,Customer_432,Automotive,Germany,North America,198,1833,-7473
7167,2023-05-30,1156,Product_1292,Robotics,56,364,91,Customer_220,Consumer Electronics,Germany,Asia-Pacific,421,20384,-3192
1116,2023-05-30,1092,Product_1433,Microchip,46,432,156,Customer_172,Consumer Electronics,South Korea,North America,189,19872,11178
3533,2023-05-30,1164,Product_1281,Robotics,79,112,423,Customer_111,Industrial,USA,Asia-Pacific,126,8848,-1106
981,2023-05-30,1148,Product_1360,Microchip,18,130,460,Customer_87,Consumer Electronics,Japan,Asia-Pacific,771,2340,-11538
6627,2023-05-30,1124,Product_1192,Robotics,74,417,341,Customer_223,Industrial,Japan,North America,437,30858,-1480
1471,2023-05-30,1223,Product_1042,Sensor,70,350,299,Customer_141,Automotive,Germany,Asia-Pacific,414,24500,-4480
4834,2023-05-30,1256,Product_1102,Robotics,98,326,125,Customer_49,Industrial,Germany,Europe,358,31948,-3136
6943,2023-05-30,1013,Product_1230,Sensor,72,243,118,Customer_434,Industrial,South Korea,Europe,383,17496,-10080
8589,2023-05-30,1445,Product_1329,Microchip,13,881,142,Customer_361,Automotive,China,Asia-Pacific,521,11453,4680
8420,2023-05-30,1366,Product_1097,Microchip,10,735,173,Customer_409,Consumer Electronics,South Korea,North America,25,7350,7100
7766,2023-05-30,1124,Product_1442,Robotics,1,351,391,Customer_138,Automotive,Japan,Asia-Pacific,477,351,-126
7699,2023-05-30,1289,Product_1436,Robotics,26,337,285,Customer_458,Industrial,USA,Asia-Pacific,91,8762,6396
8375,2023-05-30,1270,Product_1428,Microchip,35,336,410,Customer_466,Automotive,USA,Asia-Pacific,757,11760,-14735
1050,2023-05-30,1304,Product_1096,Sensor,23,437,236,Customer_191,Consumer Electronics,USA,Europe,649,10051,-4876
643,2023-05-31,1382,Product_1192,Robotics,39,28,419,Customer_209,Automotive,Germany,Asia-Pacific,443,1092,-16185
3081,2023-05-31,1148,Product_1360,Sensor,70,988,120,Customer_241,Consumer Electronics,USA,Europe,157,69160,58170
3246,2023-05-31,1261,Product_1387,Robotics,47,201,287,Customer_423,Industrial,Japan,Asia-Pacific,207,9447,-282
4589,2023-05-31,1089,Product_1236,Microchip,23,900,180,Customer_337,Industrial,South Korea,Asia-Pacific,642,20700,5934
691,2023-05-31,1016,Product_1250,Microchip,84,246,195,Customer_321,Automotive,USA,Asia-Pacific,419,20664,-14532
7362,2023-05-31,1203,Product_1024,Microchip,22,970,84,Customer_284,Industrial,USA,Europe,311,21340,14498
6980,2023-05-31,1213,Product_1268,Robotics,57,523,324,Customer_388,Industrial,USA,Europe,305,29811,12426
4867,2023-05-31,1060,Product_1260,Sensor,29,630,122,Customer_328,Consumer Electronics,South Korea,North America,16,18270,17806
1052,2023-05-31,1012,Product_1457,Sensor,71,294,378,Customer_340,Automotive,South Korea,North America,158,20874,9656
8653,2023-05-31,1352,Product_1161,Sensor,2,14,432,Customer_326,Industrial,South Korea,North America,319,28,-610
779,2023-05-31,1469,Product_1426,Sensor,81,160,232,Customer_446,Industrial,China,Europe,441,12960,-22761
5272,2023-05-31,1330,Product_1336,Sensor,77,926,30,Customer_68,Consumer Electronics,Germany,Asia-Pacific,486,71302,33880
963,2023-05-31,1469,Product_1329,Sensor,61,834,221,Customer_16,Industrial,USA,Europe,76,50874,46238
4626,2023-05-31,1304,Product_1401,Robotics,33,958,419,Customer_158,Industrial,Germany,Asia-Pacific,764,31614,6402
1222,2023-05-31,1400,Product_1318,Robotics,23,475,65,Customer_410,Industrial,South Korea,Europe,780,10925,-7015
152,2023-05-31,1003,Product_1011,Microchip,72,171,177,Customer_62,Consumer Electronics,Germany,Asia-Pacific,785,12312,-44208
2037,2023-05-31,1467,Product_1245,Sensor,80,648,474,Customer_240,Automotive,Germany,North America,123,51840,42000
5989,2023-05-31,1452,Product_1443,Robotics,40,22,25,Customer_262,Consumer Electronics,Germany,North America,196,880,-6960
7117,2023-05-31,1496,Product_1131,Robotics,75,465,452,Customer_286,Consumer Electronics,Japan,Asia-Pacific,402,34875,4725
1301,2023-05-31,1257,Product_1439,Sensor,58,331,116,Customer_398,Automotive,USA,Asia-Pacific,668,19198,-19546
7703,2023-05-31,1409,Product_1369,Sensor,26,735,477,Customer_407,Industrial,South Korea,Asia-Pacific,309,19110,11076
1016,2023-05-31,1245,Product_1312,Robotics,84,424,129,Customer_236,Automotive,Japan,Asia-Pacific,603,35616,-15036
919,2023-05-31,1363,Product_1340,Robotics,38,918,274,Customer_233,Consumer Electronics,China,Europe,557,34884,13718
3439,2023-05-31,1211,Product_1306,Sensor,90,457,465,Customer_481,Industrial,China,Europe,382,41130,6750
1163,2023-05-31,1452,Product_1345,Robotics,12,470,29,Customer_450,Automotive,South Korea,North America,538,5640,-816
5123,2023-05-31,1143,Product_1005,Sensor,25,467,331,Customer_243,Industrial,China,North America,173,11675,7350
5875,2023-05-31,1481,Product_1469,Microchip,31,350,180,Customer_393,Automotive,China,Europe,762,10850,-12772
